,ITEM_ID,REF_DOC,REF_PAGE_NO,MINISTRY,BUDGETARY_UNIT,CROSS_FUNC?,BUDGET_PLAN,OUTPUT,PROJECT,CATEGORY_LV1,CATEGORY_LV2,CATEGORY_LV3,CATEGORY_LV4,CATEGORY_LV5,CATEGORY_LV6,ITEM_DESCRIPTION,FISCAL_YEAR,AMOUNT,OBLIGED?,DEBUG_LOG
0,2022.3.17.0,2022.3.17,11,หน่วยงานอื่นของรัฐ,สำนักงานคณะกรรมการการแข่งขันทางการค้า,False,แผนงานบุคลากรภาครัฐ,,,งบเงินอุดหนุน,เงินอุดหนุนทั่วไป,,,,,ค่าใช้จ่ายบุคลากร,2022,"78,459,000",False,
1,2022.3.17.1,2022.3.17,14,หน่วยงานอื่นของรัฐ,สำนักงานคณะกรรมการการแข่งขันทางการค้า,False,แผนงานพื้นฐานด้านการปรับสมดุลและพัฒนาระบบการบริหารจัดการภาครัฐ,การบริหารจัดการองค์กรและพัฒนาการกำกับดูแลการแข่งขันทางการค้า,,งบเงินอุดหนุน,เงินอุดหนุนทั่วไป,,,,,ค่าใช้จ่ายดำเนินงาน,2022,"73,470,700",False,
2,2022.3.17.2,2022.3.17,14,หน่วยงานอื่นของรัฐ,สำนักงานคณะกรรมการการแข่งขันทางการค้า,False,แผนงานพื้นฐานด้านการปรับสมดุลและพัฒนาระบบการบริหารจัดการภาครัฐ,การบริหารจัดการองค์กรและพัฒนาการกำกับดูแลการแข่งขันทางการค้า,,งบเงินอุดหนุน,เงินอุดหนุนทั่วไป,,,,,ค่าใช้จ่ายลงทุน,2022,"2,256,500",False,
3,2022.3.17.3,2022.3.17,14,หน่วยงานอื่นของรัฐ,สำนักงานคณะกรรมการการแข่งขันทางการค้า,False,แผนงานพื้นฐานด้านการปรับสมดุลและพัฒนาระบบการบริหารจัดการภาครัฐ,การบริหารจัดการองค์กรและพัฒนาการกำกับดูแลการแข่งขันทางการค้า,,งบเงินอุดหนุน,ค่าครุภัณฑ์,,,,,โครงการเพิ่มประสิทธิภาพระบบสารสนเทศด้านกำกับดูแลการแข่งขัน ทางการค้า สำนักงานคณะกรรมการการแข่งขันทางการค้า แขวงทุ่งสองห้อง เขตหลักสี่ กรุงเทพมหานคร 1 ระบบ,2022,"2,256,500",False,
4,2022.3.17.4,2022.3.17,14,หน่วยงานอื่นของรัฐ,สำนักงานคณะกรรมการการแข่งขันทางการค้า,False,แผนงานพื้นฐานด้านการปรับสมดุลและพัฒนาระบบการบริหารจัดการภาครัฐ,การบริหารจัดการองค์กรและพัฒนาการกำกับดูแลการแข่งขันทางการค้า,,งบเงินอุดหนุน,ค่าครุภัณฑ์,งบรายจ่ายอื่น,,,,ค่าใช้จ่ายการดำเนินงานเป็นค่าจ้างที่ปรึกษา,2022,"4,710,600",False,
5,2022.3.17.5,2022.3.17,16,หน่วยงานอื่นของรัฐ,สำนักงานคณะกรรมการการแข่งขันทางการค้า,False,แผนงานยุทธศาสตร์พัฒนากฎหมายและกระบวนการยุติธรรม6ณ,,โครงการกำกับดูแลและเสริมสร้างการแข่งขันทางการค้าที่เสรีและเป็นธรรม,งบเงินอุดหนุน,เงินอุดหนุนทั่วไป,,,,,ค่าใช้จ่ายดำเนินงาน,2022,"1,598,800",False,
6,2022.3.17.6,2022.3.17,16,หน่วยงานอื่นของรัฐ,สำนักงานคณะกรรมการการแข่งขันทางการค้า,False,แผนงานยุทธศาสตร์พัฒนากฎหมายและกระบวนการยุติธรรม6ณ,,โครงการกำกับดูแลและเสริมสร้างการแข่งขันทางการค้าที่เสรีและเป็นธรรม,งบเงินอุดหนุน,เงินอุดหนุนทั่วไป,ค่าครุภัณฑ์,,,,โครงการจัดหาเครื่องมือและโปรแกรมสำหรับตรวจวิเคราะห์และพิสูจน์ พยานหลักฐานอิเล็กทรอนิกส์ สำนักงานคณะกรรมการการแข่งขัน ทางการค้า แขวงทุ่งสองห้อง เขตหลักสี่ กรุงเทพมหานคร 1 ระบบ,2022,"3,000,000",False,
7,2022.3.17.7,2022.3.17,16,หน่วยงานอื่นของรัฐ,สำนักงานคณะกรรมการการแข่งขันทางการค้า,False,แผนงานยุทธศาสตร์พัฒนากฎหมายและกระบวนการยุติธรรม6ณ,,โครงการกำกับดูแลและเสริมสร้างการแข่งขันทางการค้าที่เสรีและเป็นธรรม,งบเงินอุดหนุน,เงินอุดหนุนทั่วไป,งบรายจ่ายอื่น,,,,ค่าใช้จ่ายการดำเนินงานเป็นค่าจ้างที่ปรึกษา,2022,"3,081,100",False,
8,2022.3.17.8,2022.3.17,25,หน่วยงานอื่นของรัฐ,สำนักงานสภาเกษตรกรแห่งชาติ,False,แผนงานบุคลากรภาครัฐ,,,งบเงินอุดหนุน,เงินอุดหนุนทั่วไป,,,,,ค่าใช้จ่ายบุคลากร,2022,"204,367,800",False,
9,2022.3.17.9,2022.3.17,27,หน่วยงานอื่นของรัฐ,สำนักงานสภาเกษตรกรแห่งชาติ,False,แผนงานพื้นฐานด้านการสร้างโอกาสและความเสมอภาคทางสังคม,อำนวยการและบริหารจัดการด้านงานสภาเกษตรกรแห่งชาติ,,งบเงินอุดหนุน,เงินอุดหนุนทั่วไป,,,,,ค่าใช้จ่ายดำเนินงาน,2022,"103,937,300",False,
10,2022.3.17.10,2022.3.17,29,หน่วยงานอื่นของรัฐ,สำนักงานสภาเกษตรกรแห่งชาติ,True,แผนงานบูรณาการพัฒนาและส่งเสริมเศรษฐกิจฐานราก,,โครงการจัดทำแผนพัฒนาอาชีพในระดับตำบล,งบเงินอุดหนุน,เงินอุดหนุนทั่วไป,,,,,ค่าใช้จ่ายในการบูรณาการสร้างความเข้มแข็งเกษตรกรเศรษฐกิจฐานราก แบบมีส่วนร่วม ด้วยเครือข่ายชุมชน,2022,"3,014,700",False,
11,2022.3.17.11,2022.3.17,31,หน่วยงานอื่นของรัฐ,สำนักงานสภาเกษตรกรแห่งชาติ,True,แผนงานบูรณาการพัฒนาและส่งเสริมเศรษฐกิจฐานราก,,โครงการส่งเสริมและสร้างทักษะในการประกอบอาชีพ ทั้งในและนอกภาคเกษตร ะ,งบเงินอุดหนุน,เงินอุดหนุนทั่วไป,,,,,ค่าใช้จ่ายในการพัฒนาอาชีพเกษตรกรโดยการปลูกไผ่เชิงเศรษฐกิจ,2022,"1,070,000",False,
12,2022.3.17.12,2022.3.17,43,สภากาชาดไทย,สภากาชาดไทย,False,แผนงานยุทธศาสตร์เสริมสร้างให้คนมีสุขภาวะที่ดี,,โครงการเพิ่มศักยภาพการให้บริการทางด้านสาธารณสุข,งบเงินอุดหนุน,เงินอุดหนุนทั่วไป,,,,,ค่าใช้จ่ายบุคลากร,2022,"4,104,846,800",False,
13,2022.3.17.13,2022.3.17,43,สภากาชาดไทย,สภากาชาดไทย,False,แผนงานยุทธศาสตร์เสริมสร้างให้คนมีสุขภาวะที่ดี,,โครงการเพิ่มศักยภาพการให้บริการทางด้านสาธารณสุข,งบเงินอุดหนุน,เงินอุดหนุนทั่วไป,,,,,ค่าใช้จ่ายดำเนินงาน,2022,"1,013,792,800",False,
14,2022.3.17.14,2022.3.17,43,สภากาชาดไทย,สภากาชาดไทย,False,แผนงานยุทธศาสตร์เสริมสร้างให้คนมีสุขภาวะที่ดี,,โครงการเพิ่มศักยภาพการให้บริการทางด้านสาธารณสุข,งบเงินอุดหนุน,เงินอุดหนุนทั่วไป,ค่าครุภัณฑ์,,,,ระบบบริหารจัดการควบคุมเข้า-ออกในอาคา อาคารจอดรถ อาคารศรีสวรินทิรานุสรณ์ 150 ปี ตำบลศรีราชา อำเภอศรีราชา จังหวัดชลบุรี 1 ระบบ,2022,"11,740,000",False,
15,2022.3.17.15,2022.3.17,43,สภากาชาดไทย,สภากาชาดไทย,False,แผนงานยุทธศาสตร์เสริมสร้างให้คนมีสุขภาวะที่ดี,,โครงการเพิ่มศักยภาพการให้บริการทางด้านสาธารณสุข,งบเงินอุดหนุน,เงินอุดหนุนทั่วไป,ค่าครุภัณฑ์,,,,เครื่องปิดผนึกซองสำหรับบรรจุเครื่องมือพร้อมระบบสุญญากาศ แขวงปทุมวัน เขตปทุมวัน กรุงเทพมหานคร 1 เครื่อง,2022,"1,658,500",False,
16,2022.3.17.16,2022.3.17,43,สภากาชาดไทย,สภากาชาดไทย,False,แผนงานยุทธศาสตร์เสริมสร้างให้คนมีสุขภาวะที่ดี,,โครงการเพิ่มศักยภาพการให้บริการทางด้านสาธารณสุข,งบเงินอุดหนุน,เงินอุดหนุนทั่วไป,ค่าครุภัณฑ์,,,,เครื่องติดฉลากพร้อมพิมพ์รายละเอียดผลิตภัณฑ์ แขวงปทุมวัน เขตปทุมวัน กรุงเทพมหานคร 1 เครื่อง,2022,"1,840,400",False,
17,2022.3.17.17,2022.3.17,43,สภากาชาดไทย,สภากาชาดไทย,False,แผนงานยุทธศาสตร์เสริมสร้างให้คนมีสุขภาวะที่ดี,,โครงการเพิ่มศักยภาพการให้บริการทางด้านสาธารณสุข,งบเงินอุดหนุน,เงินอุดหนุนทั่วไป,ค่าครุภัณฑ์,,,,ครุภัณฑ์ยานพาหนะและขนส่งที่มีราคาต่อหน่วยต่ำกว่า 1 ล้านบาท รวม 1 รายการ (รวม 5 หน่วย),2022,"250,000",False,
18,2022.3.17.18,2022.3.17,43,สภากาชาดไทย,สภากาชาดไทย,False,แผนงานยุทธศาสตร์เสริมสร้างให้คนมีสุขภาวะที่ดี,,โครงการเพิ่มศักยภาพการให้บริการทางด้านสาธารณสุข,งบเงินอุดหนุน,เงินอุดหนุนทั่วไป,ค่าครุภัณฑ์,,,,รถพยาบาลพร้อมอุปกรณ์ช่วยชีวิตชั้นสูง ตำบลศรีราชา อำเภอศรีราชา จังหวัดชลบุรี 1 คัน,2022,"2,500,000",False,
19,2022.3.17.19,2022.3.17,43,สภากาชาดไทย,สภากาชาดไทย,False,แผนงานยุทธศาสตร์เสริมสร้างให้คนมีสุขภาวะที่ดี,,โครงการเพิ่มศักยภาพการให้บริการทางด้านสาธารณสุข,งบเงินอุดหนุน,เงินอุดหนุนทั่วไป,ค่าครุภัณฑ์,,,,"รถโดยสารขนาด 12 ที่นั่ง (ดีเซล) ปริมาตรกระบอกสูบไม่ตำกว่า 2,400 ซีซี หรือทำลังเครื่องยนต์สูงสุดไม่ต่ำกว่า 90 กิโลวัตต์ ตำบลศรีราชา อำเภอศรีราชา จังหวัดชลบุรี 1 คัน",2022,"1,358,000",False,
20,2022.3.17.20,2022.3.17,43,สภากาชาดไทย,สภากาชาดไทย,False,แผนงานยุทธศาสตร์เสริมสร้างให้คนมีสุขภาวะที่ดี,,โครงการเพิ่มศักยภาพการให้บริการทางด้านสาธารณสุข,งบเงินอุดหนุน,เงินอุดหนุนทั่วไป,ค่าครุภัณฑ์,,,,"รถโดยสารขนาด 12 ที่นั่ง (ดีเซล) ปริมาตรกระบอกสูบไม่ต่ำกว่า 2,755 ซีซี หรือกำลังเครื่องยนต์สูงสุด ไม่ต่ำกว่า 90 กิโลวัตต์ แขวงปทุมวัน เขตปทุมวัน กรุงเทพมหานคร 2 คัน",2022,"2,900,000",False,
21,2022.3.17.21,2022.3.17,43,สภากาชาดไทย,สภากาชาดไทย,False,แผนงานยุทธศาสตร์เสริมสร้างให้คนมีสุขภาวะที่ดี,,โครงการเพิ่มศักยภาพการให้บริการทางด้านสาธารณสุข,งบเงินอุดหนุน,เงินอุดหนุนทั่วไป,ค่าครุภัณฑ์,,,,ครุภัณฑ์คอมพิวเตอร์ที่มีราคาต่อหน่วยตำกว่า 1 ล้านบาท รวม 4 รายการ (รวม 12 หน่วย),2022,"540,000",False,
22,2022.3.17.22,2022.3.17,43,สภากาชาดไทย,สภากาชาดไทย,False,แผนงานยุทธศาสตร์เสริมสร้างให้คนมีสุขภาวะที่ดี,,โครงการเพิ่มศักยภาพการให้บริการทางด้านสาธารณสุข,งบเงินอุดหนุน,เงินอุดหนุนทั่วไป,ค่าครุภัณฑ์,,,,ระบบจัดการและสำรองข้อมูล (SAN Storage) ตำบลท้ายบ้าน อำเภอเมืองสมุทรปราการ จังหวัดสมุทรปราการ 1 ระบบ,2022,"2,800,000",False,
23,2022.3.17.23,2022.3.17,43,สภากาชาดไทย,สภากาชาดไทย,False,แผนงานยุทธศาสตร์เสริมสร้างให้คนมีสุขภาวะที่ดี,,โครงการเพิ่มศักยภาพการให้บริการทางด้านสาธารณสุข,งบเงินอุดหนุน,เงินอุดหนุนทั่วไป,ค่าครุภัณฑ์,,,,ระบบ Kiosk เพื่อการบริการลงทะเบียนรับบัตรคิว การนัดหมาย และการชำระค่าบริการ ตำบลศรีราชา อำเภอศรีราชา จังหวัดชลบุรี 1 ระบบ,2022,"8,000,000",False,
24,2022.3.17.24,2022.3.17,43,สภากาชาดไทย,สภากาชาดไทย,False,แผนงานยุทธศาสตร์เสริมสร้างให้คนมีสุขภาวะที่ดี,,โครงการเพิ่มศักยภาพการให้บริการทางด้านสาธารณสุข,งบเงินอุดหนุน,เงินอุดหนุนทั่วไป,ค่าครุภัณฑ์,,,,ระบบ Mobile เพื่อการรักษาพยาบาลผู้ป่วยใน ตำบลศรีราชา อำเภอศรีราชา จังหวัดชลบุรี 1 ระบบ,2022,"15,000,000",False,
25,2022.3.17.25,2022.3.17,44,สภากาชาดไทย,สภากาชาดไทย,False,แผนงานยุทธศาสตร์เสริมสร้างให้คนมีสุขภาวะที่ดี,,โครงการเพิ่มศักยภาพการให้บริการทางด้านสาธารณสุข,งบเงินอุดหนุน,เงินอุดหนุนทั่วไป,ค่าครุภัณฑ์,,,,ระบบ Telemedicine เพื่อการรักษาพยาบาล ตำบลศรีราชา อำเภอศรีราชา จังหวัดชลบุรี 1 ระบบ,2022,"5,000,000",False,
26,2022.3.17.26,2022.3.17,44,สภากาชาดไทย,สภากาชาดไทย,False,แผนงานยุทธศาสตร์เสริมสร้างให้คนมีสุขภาวะที่ดี,,โครงการเพิ่มศักยภาพการให้บริการทางด้านสาธารณสุข,งบเงินอุดหนุน,เงินอุดหนุนทั่วไป,ค่าครุภัณฑ์,,,,เครื่องคอมพิวเตอร์แม่ข่ายพร้อมอุปกรณ์ คอมพิวเตอร์ทดแทน สำหรับใช้งานระบบโรงพยาบาล แขวงปทุมวัน เขตปทุมวัน กรุงเทพมหานคร 1 ระบบ,2022,"40,000,000",False,
27,2022.3.17.27,2022.3.17,44,สภากาชาดไทย,สภากาชาดไทย,False,แผนงานยุทธศาสตร์เสริมสร้างให้คนมีสุขภาวะที่ดี,,โครงการเพิ่มศักยภาพการให้บริการทางด้านสาธารณสุข,งบเงินอุดหนุน,เงินอุดหนุนทั่วไป,ค่าครุภัณฑ์,,,,ระบบสายสัญญาณ Fiber Optic แขวงปทุมวัน เขตปทุมวัน กรุงเทพมหานคร 1 ระบบ,2022,"16,600,000",False,
28,2022.3.17.28,2022.3.17,44,สภากาชาดไทย,สภากาชาดไทย,False,แผนงานยุทธศาสตร์เสริมสร้างให้คนมีสุขภาวะที่ดี,,โครงการเพิ่มศักยภาพการให้บริการทางด้านสาธารณสุข,งบเงินอุดหนุน,เงินอุดหนุนทั่วไป,ค่าครุภัณฑ์,,,,ระบบเครือข่ายคอมพิวเตอร์สำหรับใช้งานสารสนเทศ อาคารศูนย์บูรณาการบริการทางการแพทย์และสาธารณสุข (Extended OPD) แขวงปทุมวัน เขตปทุมวัน กรุงเทพมหานคร 1 ระบบ,2022,"68,248,500",False,
29,2022.3.17.29,2022.3.17,44,สภากาชาดไทย,สภากาชาดไทย,False,แผนงานยุทธศาสตร์เสริมสร้างให้คนมีสุขภาวะที่ดี,,โครงการเพิ่มศักยภาพการให้บริการทางด้านสาธารณสุข,งบเงินอุดหนุน,เงินอุดหนุนทั่วไป,ค่าครุภัณฑ์,,,,ระบบเครือข่ายคอมพิวเตอร์ไร้สาย สำหรับใช้งานสารสนเทศ อาคารศูนย์บูรณาการบริการทางการแพทย์และสาธารณสุข (Extended OPD) แขวงปทุมวัน เขตปทุมวัน กรุงเทพมหานคร 1 ระบบ,2022,"9,760,400",False,
30,2022.3.17.30,2022.3.17,44,สภากาชาดไทย,สภากาชาดไทย,False,แผนงานยุทธศาสตร์เสริมสร้างให้คนมีสุขภาวะที่ดี,,โครงการเพิ่มศักยภาพการให้บริการทางด้านสาธารณสุข,งบเงินอุดหนุน,เงินอุดหนุนทั่วไป,ค่าครุภัณฑ์,,,,ระบบเครือข่ายคอมพิวเตอร์สำหรับใช้งานสารสนเทศ อาคารศูนย์วิจัยและนวัตกรรมงานบริการ แขวงปทุมวัน เขตปทุมวัน กรุงเทพมหานคร 1 ระบบ,2022,"41,150,200",False,
31,2022.3.17.31,2022.3.17,44,สภากาชาดไทย,สภากาชาดไทย,False,แผนงานยุทธศาสตร์เสริมสร้างให้คนมีสุขภาวะที่ดี,,โครงการเพิ่มศักยภาพการให้บริการทางด้านสาธารณสุข,งบเงินอุดหนุน,เงินอุดหนุนทั่วไป,ค่าครุภัณฑ์,,,,ระบบเครือข่ายคอมพิวเตอร์ไร้สาย สำหรับใช้งานสารสนเทศ อาคารศูนย์วิจัยและนวัตกรรมงานบริการ แขวงปทุมวัน เขตปทุมวัน กรุงเทพมหานคร 1 ระบบ,2022,"15,266,800",False,
32,2022.3.17.32,2022.3.17,44,สภากาชาดไทย,สภากาชาดไทย,False,แผนงานยุทธศาสตร์เสริมสร้างให้คนมีสุขภาวะที่ดี,,โครงการเพิ่มศักยภาพการให้บริการทางด้านสาธารณสุข,งบเงินอุดหนุน,เงินอุดหนุนทั่วไป,ค่าครุภัณฑ์,,,,ระบบเครือข่ายคอมพิวเตอร์สำหรับใช้งานสารสนเทศ อาคารชีวานามัย แขวงปทุมวัน เขตปทุมวัน กรุงเทพมหานคร 1 ระบบ,2022,"15,143,300",False,
33,2022.3.17.33,2022.3.17,44,สภากาชาดไทย,สภากาชาดไทย,False,แผนงานยุทธศาสตร์เสริมสร้างให้คนมีสุขภาวะที่ดี,,โครงการเพิ่มศักยภาพการให้บริการทางด้านสาธารณสุข,งบเงินอุดหนุน,เงินอุดหนุนทั่วไป,ค่าครุภัณฑ์,,,,ระบบเครือข่ายคอมพิวเตอร์ไร้สาย สำหรับใช้งานสารสนเทศ อาคารชีวานามัย แขวงปทุมวัน เขตปทุมวัน กรุงเทพมหานคร 1 ระบบ,2022,"1,208,700",False,
34,2022.3.17.34,2022.3.17,44,สภากาชาดไทย,สภากาชาดไทย,False,แผนงานยุทธศาสตร์เสริมสร้างให้คนมีสุขภาวะที่ดี,,โครงการเพิ่มศักยภาพการให้บริการทางด้านสาธารณสุข,งบเงินอุดหนุน,เงินอุดหนุนทั่วไป,ค่าครุภัณฑ์,,,,"ครุภัณฑ์การแพทย์ที่มีราคาต่อหน่วยตำกว่า 1 ล้านบาท รวม 130 รายการ (รวม 1,461 หน่วย)",2022,"94,751,200",False,
35,2022.3.17.35,2022.3.17,44,สภากาชาดไทย,สภากาชาดไทย,False,แผนงานยุทธศาสตร์เสริมสร้างให้คนมีสุขภาวะที่ดี,,โครงการเพิ่มศักยภาพการให้บริการทางด้านสาธารณสุข,งบเงินอุดหนุน,เงินอุดหนุนทั่วไป,ค่าครุภัณฑ์,,,,เครื่องตรวจอวัยวะภายในด้วยคลื่นเสียงความถี่สูง ตำบลศรีราชา อำเภอศรีราชา จังหวัดชลบุรี 2 เครื่อง,2022,"3,600,000",False,
36,2022.3.17.36,2022.3.17,44,สภากาชาดไทย,สภากาชาดไทย,False,แผนงานยุทธศาสตร์เสริมสร้างให้คนมีสุขภาวะที่ดี,,โครงการเพิ่มศักยภาพการให้บริการทางด้านสาธารณสุข,งบเงินอุดหนุน,เงินอุดหนุนทั่วไป,ค่าครุภัณฑ์,,,,ชุดเครื่องมือผ่าตัดด้วยระบบคลื่นเสียงความถี่สูงพร้อ้อมระบบดูด แขวงปทุมวัน เขตปทุมวัน กรุงเทพมหานคร 1 ชุด,2022,"4,800,000",False,
37,2022.3.17.37,2022.3.17,44,สภากาชาดไทย,สภากาชาดไทย,False,แผนงานยุทธศาสตร์เสริมสร้างให้คนมีสุขภาวะที่ดี,,โครงการเพิ่มศักยภาพการให้บริการทางด้านสาธารณสุข,งบเงินอุดหนุน,เงินอุดหนุนทั่วไป,ค่าครุภัณฑ์,,,,กล้องส่องตรวจกระเพาะอาหารชนิดความละเอียดสูง แขวงปทุมวัน เขตปทุมวัน กรุงเทพมหานคร 2 กล้อง,2022,"4,400,000",False,
38,2022.3.17.38,2022.3.17,44,สภากาชาดไทย,สภากาชาดไทย,False,แผนงานยุทธศาสตร์เสริมสร้างให้คนมีสุขภาวะที่ดี,,โครงการเพิ่มศักยภาพการให้บริการทางด้านสาธารณสุข,งบเงินอุดหนุน,เงินอุดหนุนทั่วไป,ค่าครุภัณฑ์,,,,เครื่องวิเคราะห์ภาพตัดขวางของลูกตาส่วนหน้า แขวงปทุมวัน เขตปทุมวัน กรุงเทพมหานคร 1 เครื่อง,2022,"5,900,000",False,
39,2022.3.17.39,2022.3.17,44,สภากาชาดไทย,สภากาชาดไทย,False,แผนงานยุทธศาสตร์เสริมสร้างให้คนมีสุขภาวะที่ดี,,โครงการเพิ่มศักยภาพการให้บริการทางด้านสาธารณสุข,งบเงินอุดหนุน,เงินอุดหนุนทั่วไป,ค่าครุภัณฑ์,,,,ชุดสว่านเจาะกระดูกชนิดเปลี่ยนหัวต่อได้ ตำบลศรีราชา อำเภอศรีราชา จังหวัดชลบุรี 1 ชุด,2022,"2,050,000",False,
40,2022.3.17.40,2022.3.17,45,สภากาชาดไทย,สภากาชาดไทย,False,แผนงานยุทธศาสตร์เสริมสร้างให้คนมีสุขภาวะที่ดี,,โครงการเพิ่มศักยภาพการให้บริการทางด้านสาธารณสุข,งบเงินอุดหนุน,เงินอุดหนุนทั่วไป,ค่าครุภัณฑ์,,,,เครื่องตรวจหัวใจด้วยคลื่นเสียงความถี่สูง (Echocardiography) ตำบลศรีราชา อำเภอศรีราชา จังหวัดชลบุรี 1 เครื่อง,2022,"4,000,000",False,
41,2022.3.17.41,2022.3.17,45,สภากาชาดไทย,สภากาชาดไทย,False,แผนงานยุทธศาสตร์เสริมสร้างให้คนมีสุขภาวะที่ดี,,โครงการเพิ่มศักยภาพการให้บริการทางด้านสาธารณสุข,งบเงินอุดหนุน,เงินอุดหนุนทั่วไป,ค่าครุภัณฑ์,,,,เครื่องตรวจอวัยวะภายในด้วยคลื่นเสียงความถี่สูง ระดับความคมชัดสูง 3 หัวตรวจ ตำบลศรีราชา อำเภอศรีราชา จังหวัดชลบุรี 1 เครื่อง,2022,"1,950,000",False,
42,2022.3.17.42,2022.3.17,45,สภากาชาดไทย,สภากาชาดไทย,False,แผนงานยุทธศาสตร์เสริมสร้างให้คนมีสุขภาวะที่ดี,,โครงการเพิ่มศักยภาพการให้บริการทางด้านสาธารณสุข,งบเงินอุดหนุน,เงินอุดหนุนทั่วไป,ค่าครุภัณฑ์,,,,เครื่องช่วยหายใจชนิดควบคุมความดัน-ปริมาตร และระบบช่วยหายใจ ด้วยออกซิเจนความเร็วสูง พร้อมชุดวัดคาร์บอนไดร์ออกไซด์ จากลมหายใจออก ตำบลศรีราชา อำเภอศรีราชา จังหวัดชลบุรี 1 เครื่อง,2022,"1,350,000",False,
43,2022.3.17.43,2022.3.17,45,สภากาชาดไทย,สภากาชาดไทย,False,แผนงานยุทธศาสตร์เสริมสร้างให้คนมีสุขภาวะที่ดี,,โครงการเพิ่มศักยภาพการให้บริการทางด้านสาธารณสุข,งบเงินอุดหนุน,เงินอุดหนุนทั่วไป,ค่าครุภัณฑ์,,,,ชุดปฏิบัติการแสดงผลและควบคุมติดตามสัญญาณชีพ (Central Monitor 1 LAsas+ Bedside monitor 9 le) ตำบลศรีราชา อำเภอศรีราชา จังหวัดชลบุรี 1 ชุด,2022,"10,000,000",False,
44,2022.3.17.44,2022.3.17,45,สภากาชาดไทย,สภากาชาดไทย,False,แผนงานยุทธศาสตร์เสริมสร้างให้คนมีสุขภาวะที่ดี,,โครงการเพิ่มศักยภาพการให้บริการทางด้านสาธารณสุข,งบเงินอุดหนุน,เงินอุดหนุนทั่วไป,ค่าครุภัณฑ์,,,,เครื่องเอกซเรย์ฟลูโอโรสโคปเคลื่อนที่แบบชีอาร์มชุดรับภาพ ชนิดแฟลตพาแนล ตำบลศรีราชา อำเภอศรีราชา จังหวัดชลบุรี 1 ชุด,2022,"9,270,000",False,
45,2022.3.17.45,2022.3.17,45,สภากาชาดไทย,สภากาชาดไทย,False,แผนงานยุทธศาสตร์เสริมสร้างให้คนมีสุขภาวะที่ดี,,โครงการเพิ่มศักยภาพการให้บริการทางด้านสาธารณสุข,งบเงินอุดหนุน,เงินอุดหนุนทั่วไป,ค่าครุภัณฑ์,,,,เตียงผ่าตัดหัวใจและหลอดเลือดชนิดเอกซเรย์ผ่านได้ 360 องศา ตำบลศรีราชา อำเภอศรีราชา จังหวัดชลบุรี 1 เตียง,2022,"8,000,000",False,
46,2022.3.17.46,2022.3.17,45,สภากาชาดไทย,สภากาชาดไทย,False,แผนงานยุทธศาสตร์เสริมสร้างให้คนมีสุขภาวะที่ดี,,โครงการเพิ่มศักยภาพการให้บริการทางด้านสาธารณสุข,งบเงินอุดหนุน,เงินอุดหนุนทั่วไป,ค่าครุภัณฑ์,,,,ชุดปฏิบัติการแสดงผลและควบคุมติดตามสัญญาณชีพ (Central Monitor 1 LASas + Bedside monitor 12 LASaN) ตำบลศรีราชา อำเภอศรีราชา จังหวัดชลบุรี 1 ชุด,2022,"7,350,000",False,
47,2022.3.17.47,2022.3.17,45,สภากาชาดไทย,สภากาชาดไทย,False,แผนงานยุทธศาสตร์เสริมสร้างให้คนมีสุขภาวะที่ดี,,โครงการเพิ่มศักยภาพการให้บริการทางด้านสาธารณสุข,งบเงินอุดหนุน,เงินอุดหนุนทั่วไป,ค่าครุภัณฑ์,,,,เครื่องตรวจทัวใจด้วยคลื่นเสียงความถี่สูงพร้อมหัวตรวจหัวใจ ทางหลอดอาหารผู้ใหญ่ ตำบลศรีราชา อำเภอศรีราชา จังหวัดชลบุรี 1 เครื่อง,2022,"6,500,000",False,
48,2022.3.17.48,2022.3.17,45,สภากาชาดไทย,สภากาชาดไทย,False,แผนงานยุทธศาสตร์เสริมสร้างให้คนมีสุขภาวะที่ดี,,โครงการเพิ่มศักยภาพการให้บริการทางด้านสาธารณสุข,งบเงินอุดหนุน,เงินอุดหนุนทั่วไป,ค่าครุภัณฑ์,,,,เครื่องตรวจอวัยวะภายในต้วยคลื่นเสียงความถี่สูง บ 4 (สำหรับงานรังสีร่วมรักษา) ตำบลศรีราชา อำเภอศรีราชา จังหวัดชลบุรี 1 เครื่อง,2022,"6,500,000",False,
49,2022.3.17.49,2022.3.17,45,สภากาชาดไทย,สภากาชาดไทย,False,แผนงานยุทธศาสตร์เสริมสร้างให้คนมีสุขภาวะที่ดี,,โครงการเพิ่มศักยภาพการให้บริการทางด้านสาธารณสุข,งบเงินอุดหนุน,เงินอุดหนุนทั่วไป,ค่าครุภัณฑ์,,,,เครื่องเอกซเรย์ฟลูโอโรสโคปเคลื่อนที่แบบซีอาร์ม ท่แบบ ตำบลศรีราชา อำเภอศรีราชา จังหวัดชลบุรี 1 เครื่อง,2022,"6,000,000",False,
50,2022.3.17.50,2022.3.17,45,สภากาชาดไทย,สภากาชาดไทย,False,แผนงานยุทธศาสตร์เสริมสร้างให้คนมีสุขภาวะที่ดี,,โครงการเพิ่มศักยภาพการให้บริการทางด้านสาธารณสุข,งบเงินอุดหนุน,เงินอุดหนุนทั่วไป,ค่าครุภัณฑ์,,,,เครื่องตรวจอวัยวะภายในด้วยคลื่นเสียงความถี่สูงประสิทธิภาพสูง (สำหรับงานรังสีวินิจฉัย) ตำบลศรีราชา อำเภอศรีราชา จังหวัดชลบุรี 1 เครือง,2022,"5,000,000",False,
51,2022.3.17.51,2022.3.17,45,สภากาชาดไทย,สภากาชาดไทย,False,แผนงานยุทธศาสตร์เสริมสร้างให้คนมีสุขภาวะที่ดี,,โครงการเพิ่มศักยภาพการให้บริการทางด้านสาธารณสุข,งบเงินอุดหนุน,เงินอุดหนุนทั่วไป,ค่าครุภัณฑ์,,,,เครื่องช่วยพยุงการทำงานของหัวใจชนิดเคลื่อนย้ายได้ ตำบลศรีราชา อำเภอศรีราชา จังหวัดชลบุรี 4 เครื่อง,2022,"14,800,000",False,
52,2022.3.17.52,2022.3.17,45,สภากาชาดไทย,สภากาชาดไทย,False,แผนงานยุทธศาสตร์เสริมสร้างให้คนมีสุขภาวะที่ดี,,โครงการเพิ่มศักยภาพการให้บริการทางด้านสาธารณสุข,งบเงินอุดหนุน,เงินอุดหนุนทั่วไป,ค่าครุภัณฑ์,,,,ชุดอุปกรณ์พยุงและเคลื่อนย้ายผู้ป่วยระบบราง ตำบลศรีราชา อำเภอศรีราชา จังหวัดชลบุรี 1 ชุด,2022,"3,500,000",False,
53,2022.3.17.53,2022.3.17,45,สภากาชาดไทย,สภากาชาดไทย,False,แผนงานยุทธศาสตร์เสริมสร้างให้คนมีสุขภาวะที่ดี,,โครงการเพิ่มศักยภาพการให้บริการทางด้านสาธารณสุข,งบเงินอุดหนุน,เงินอุดหนุนทั่วไป,ค่าครุภัณฑ์,,,,เครื่องตรวจอวัยวะภายในด้วยคลื่นความถี่สูง พร้อมเครื่องพิมพ์ภาพ อัลตราซาวด์ ชนิดขาวดำ ตำบลศรีราชา อำเภอศรีราชา จังหวัดชลบุรี 1 เครื่อง,2022,"3,000,000",False,
54,2022.3.17.54,2022.3.17,45,สภากาชาดไทย,สภากาชาดไทย,False,แผนงานยุทธศาสตร์เสริมสร้างให้คนมีสุขภาวะที่ดี,,โครงการเพิ่มศักยภาพการให้บริการทางด้านสาธารณสุข,งบเงินอุดหนุน,เงินอุดหนุนทั่วไป,ค่าครุภัณฑ์,,,,ระบบบริหารจัดการสิ่งส่งตรวจอัตโนมัติ ตำบลศรีราชา อำเภอศรีราชา จังหวัดชลบุรี 1 ระบบ,2022,"2,996,000",False,
55,2022.3.17.55,2022.3.17,46,สภากาชาดไทย,สภากาชาดไทย,False,แผนงานยุทธศาสตร์เสริมสร้างให้คนมีสุขภาวะที่ดี,,โครงการเพิ่มศักยภาพการให้บริการทางด้านสาธารณสุข,งบเงินอุดหนุน,เงินอุดหนุนทั่วไป,ค่าครุภัณฑ์,,,,เครื่องตัดและกรอกระดูกโดยใช้คลื่นเสียงความถี่สูง ตำบลศรีราชา อำเภอศรีราชา จังหวัดชลบุรี 1 เครื่อง,2022,"2,200,000",False,
56,2022.3.17.56,2022.3.17,46,สภากาชาดไทย,สภากาชาดไทย,False,แผนงานยุทธศาสตร์เสริมสร้างให้คนมีสุขภาวะที่ดี,,โครงการเพิ่มศักยภาพการให้บริการทางด้านสาธารณสุข,งบเงินอุดหนุน,เงินอุดหนุนทั่วไป,ค่าครุภัณฑ์,,,,ชุดเครื่องมือผ่าตัดศัลยกรรมทรวงอกศัลยกรรมหัวใจ และหลอดเลือด ตำบลศรีราชา อำเภอศรีราชา จังหวัดชลบุรี 1 ชุด,2022,"2,100,000",False,
57,2022.3.17.57,2022.3.17,46,สภากาชาดไทย,สภากาชาดไทย,False,แผนงานยุทธศาสตร์เสริมสร้างให้คนมีสุขภาวะที่ดี,,โครงการเพิ่มศักยภาพการให้บริการทางด้านสาธารณสุข,งบเงินอุดหนุน,เงินอุดหนุนทั่วไป,ค่าครุภัณฑ์,,,,ชุดเครื่อง้ห้ามเลือดตัดเนื้อเยื่อและเชื่อมปิดหลอดเลือด ด้วยไฟฟ้าและคลื่นอัลตราโซนิค ตำบลศรีราชา อำเภอศรีราชา จังหวัดชลบุรี 1 ชุด,2022,"2,000,000",False,
58,2022.3.17.58,2022.3.17,46,สภากาชาดไทย,สภากาชาดไทย,False,แผนงานยุทธศาสตร์เสริมสร้างให้คนมีสุขภาวะที่ดี,,โครงการเพิ่มศักยภาพการให้บริการทางด้านสาธารณสุข,งบเงินอุดหนุน,เงินอุดหนุนทั่วไป,ค่าครุภัณฑ์,,,,เครื่องติดตามระบบพลศาสตร์การไหลเวียนในร่างกายผู้ป่วย อย่างต่อเนื่องพร้อมภาควัดปริมาณออกซิเจนในสมอง Din Fully-Less Invasive with Cerebral Oximetry ตำบลศรีราชา อำเภอศรีราชา จังหวัดชลบุรี 2 เครื่อง,2022,"3,900,000",False,
59,2022.3.17.59,2022.3.17,46,สภากาชาดไทย,สภากาชาดไทย,False,แผนงานยุทธศาสตร์เสริมสร้างให้คนมีสุขภาวะที่ดี,,โครงการเพิ่มศักยภาพการให้บริการทางด้านสาธารณสุข,งบเงินอุดหนุน,เงินอุดหนุนทั่วไป,ค่าครุภัณฑ์,,,,ชุดเครื่องมือเจาะและตัดกระดูกขนาดเล็กโดยใช้พลังงานไฟฟ้า ตำบลศรีราชา อำเภอศรีราชา จังหวัดชลบุรี 1 ชุด,2022,"1,800,000",False,
60,2022.3.17.60,2022.3.17,46,สภากาชาดไทย,สภากาชาดไทย,False,แผนงานยุทธศาสตร์เสริมสร้างให้คนมีสุขภาวะที่ดี,,โครงการเพิ่มศักยภาพการให้บริการทางด้านสาธารณสุข,งบเงินอุดหนุน,เงินอุดหนุนทั่วไป,ค่าครุภัณฑ์,,,,เครื่องเฝ้าติดตามประสิทธิภาพการทำงานของเส้นประสาท ขณะผ่าตัดแบบ 4 ช่องสัญญาณ ตำบลศรีราชา อำเภอศรีราชา จังหวัดชลบุรี 1 เครื่อง,2022,"1,550,000",False,
61,2022.3.17.61,2022.3.17,46,สภากาชาดไทย,สภากาชาดไทย,False,แผนงานยุทธศาสตร์เสริมสร้างให้คนมีสุขภาวะที่ดี,,โครงการเพิ่มศักยภาพการให้บริการทางด้านสาธารณสุข,งบเงินอุดหนุน,เงินอุดหนุนทั่วไป,ค่าครุภัณฑ์,,,,ชุดเครื่องีและตัดต้วยคลื่นวิทยุความถี่สูง ชนิด 2 ความถี่ พร้อมเครื่องดูดควัน ตำบลศรีราชา อำเภอศรีราชา จังหวัดชลบุรี 1 ชุด,2022,"1,500,000",False,
62,2022.3.17.62,2022.3.17,46,สภากาชาดไทย,สภากาชาดไทย,False,แผนงานยุทธศาสตร์เสริมสร้างให้คนมีสุขภาวะที่ดี,,โครงการเพิ่มศักยภาพการให้บริการทางด้านสาธารณสุข,งบเงินอุดหนุน,เงินอุดหนุนทั่วไป,ค่าครุภัณฑ์,,,,ชุดหัวกล้องรับสัญญาณภาพสำหรับส่องตรวจและผ่าตัด ตำบลศรีราชา อำเภอศรีราชา จังหวัดชลบุรี 2 ชุด,2022,"2,973,600",False,
63,2022.3.17.63,2022.3.17,46,สภากาชาดไทย,สภากาชาดไทย,False,แผนงานยุทธศาสตร์เสริมสร้างให้คนมีสุขภาวะที่ดี,,โครงการเพิ่มศักยภาพการให้บริการทางด้านสาธารณสุข,งบเงินอุดหนุน,เงินอุดหนุนทั่วไป,ค่าครุภัณฑ์,,,,กล้องส่องตรวจช่องปอดและหลอดลมขนาดเล็กระบบวิดีทัศน์ ตำบลศรีราชา อำเภอศรีราชา จังหวัดชลบุรี 1 กล้อง บ,2022,"1,370,000",False,
64,2022.3.17.64,2022.3.17,46,สภากาชาดไทย,สภากาชาดไทย,False,แผนงานยุทธศาสตร์เสริมสร้างให้คนมีสุขภาวะที่ดี,,โครงการเพิ่มศักยภาพการให้บริการทางด้านสาธารณสุข,งบเงินอุดหนุน,เงินอุดหนุนทั่วไป,ค่าครุภัณฑ์,,,,เครื่องให้การรักษาด้วยแสงเลเซอร์ก้าลังสูง ๆ บ ตำบลศรีราชา อำเภอศรีราชา จังหวัดชลบุรี 1 เครื่อง,2022,"1,200,000",False,
65,2022.3.17.65,2022.3.17,46,สภากาชาดไทย,สภากาชาดไทย,False,แผนงานยุทธศาสตร์เสริมสร้างให้คนมีสุขภาวะที่ดี,,โครงการเพิ่มศักยภาพการให้บริการทางด้านสาธารณสุข,งบเงินอุดหนุน,เงินอุดหนุนทั่วไป,ค่าครุภัณฑ์,,,,ชุดเครื่องมือผ่าตัดปอดผ่านกล้อง ตำบลศรีราชา อำเภอศรีราชา จังหวัดชลบุรี 1 ชุด,2022,"1,150,000",False,
66,2022.3.17.66,2022.3.17,46,สภากาชาดไทย,สภากาชาดไทย,False,แผนงานยุทธศาสตร์เสริมสร้างให้คนมีสุขภาวะที่ดี,,โครงการเพิ่มศักยภาพการให้บริการทางด้านสาธารณสุข,งบเงินอุดหนุน,เงินอุดหนุนทั่วไป,ค่าครุภัณฑ์,,,,กล้องส่องตรวจทางเดินหายใจชนิดไฟเบอร์พร้อมอุปกรณ์แสดงผล ที่จอภาพในตัว ตำบลศรีราชา อำเภอศรีราชา จังหวัดชลบุรี 1 กล้อง,2022,"1,000,000",False,
67,2022.3.17.67,2022.3.17,46,สภากาชาดไทย,สภากาชาดไทย,False,แผนงานยุทธศาสตร์เสริมสร้างให้คนมีสุขภาวะที่ดี,,โครงการเพิ่มศักยภาพการให้บริการทางด้านสาธารณสุข,งบเงินอุดหนุน,เงินอุดหนุนทั่วไป,ค่าครุภัณฑ์,,,,เครื่องวัดเสนส์แก้วตาเทียมแบบไม่สัมผัสลูกตาชนิดเลเซอร์ พร้อมถ่ายภาพตัดขวางลูกตา แขวงปทุมวัน เขตปทุมวัน กรุงเทพมหานคร 1 เครื่อง,2022,"2,700,000",False,
68,2022.3.17.68,2022.3.17,46,สภากาชาดไทย,สภากาชาดไทย,False,แผนงานยุทธศาสตร์เสริมสร้างให้คนมีสุขภาวะที่ดี,,โครงการเพิ่มศักยภาพการให้บริการทางด้านสาธารณสุข,งบเงินอุดหนุน,เงินอุดหนุนทั่วไป,ค่าครุภัณฑ์,,,,เครื่องนึ่งฆ่าเชื้อด้วยแรงดันไอน้ำระบบอัตโนมัติ 160 ลิตร สถานีกาชาดหัวหินเฉลิมพระเกียรติ ตำบลหัวหิน อำเภอหัวหิน จังหวัดประจวบคีรีขันธ์ 1 เครื่อง,2022,"2,000,000",False,
69,2022.3.17.69,2022.3.17,46,สภากาชาดไทย,สภากาชาดไทย,False,แผนงานยุทธศาสตร์เสริมสร้างให้คนมีสุขภาวะที่ดี,,โครงการเพิ่มศักยภาพการให้บริการทางด้านสาธารณสุข,งบเงินอุดหนุน,เงินอุดหนุนทั่วไป,ค่าครุภัณฑ์,,,,ชุดเครื่องเร่งอนุภาคแบบอุโมงค์พร้อมระบบภาพนำวิถี แขวงปทุมวัน เขตปทุมวัน กรุงเทพมหานคร 1 ชุด,2022,"145,000,000",False,
70,2022.3.17.70,2022.3.17,46,สภากาชาดไทย,สภากาชาดไทย,False,แผนงานยุทธศาสตร์เสริมสร้างให้คนมีสุขภาวะที่ดี,,โครงการเพิ่มศักยภาพการให้บริการทางด้านสาธารณสุข,งบเงินอุดหนุน,เงินอุดหนุนทั่วไป,ค่าครุภัณฑ์,,,,เครื่องถ่ายภาพรังสีแกมมาชนิด 12 หัววัด พร้อมระบบเอกซเรย์ คอมพิวเตอร์ความเร็วสูง แขวงปทุมวัน เขตปทุมวัน กรุงเทพมหานคร 1 เครื่อง,2022,"58,000,000",False,
71,2022.3.17.71,2022.3.17,47,สภากาชาดไทย,สภากาชาดไทย,False,แผนงานยุทธศาสตร์เสริมสร้างให้คนมีสุขภาวะที่ดี,,โครงการเพิ่มศักยภาพการให้บริการทางด้านสาธารณสุข,งบเงินอุดหนุน,เงินอุดหนุนทั่วไป,ค่าครุภัณฑ์,,,,เครื่องเอกซเรย์หลอดเลือดระบบดิจิตอลชนิดระนาบเดี่ยว แขวงปทุมวัน เขตปทุมวัน กรุงเทพมหานคร 1 ระบบ,2022,"42,000,000",False,
72,2022.3.17.72,2022.3.17,47,สภากาชาดไทย,สภากาชาดไทย,False,แผนงานยุทธศาสตร์เสริมสร้างให้คนมีสุขภาวะที่ดี,,โครงการเพิ่มศักยภาพการให้บริการทางด้านสาธารณสุข,งบเงินอุดหนุน,เงินอุดหนุนทั่วไป,ค่าครุภัณฑ์,,,,เครื่องถ่ายภาพรังสีแกมมาชนิด 2 หัววัด พร้อมระบบเอกซเรย์ คอมพิวเตอร์ความเร็วสูง แขวงปทุมวัน เขตปทุมวัน กรุงเทพมหานคร 1 เครื่อง,2022,"40,000,000",False,
73,2022.3.17.73,2022.3.17,47,สภากาชาดไทย,สภากาชาดไทย,False,แผนงานยุทธศาสตร์เสริมสร้างให้คนมีสุขภาวะที่ดี,,โครงการเพิ่มศักยภาพการให้บริการทางด้านสาธารณสุข,งบเงินอุดหนุน,เงินอุดหนุนทั่วไป,ค่าครุภัณฑ์,,,,เครื่องเอกซเรย์ฟลูออโรสโคปีระบบดิจิตอล แขวงปทุมวัน เขตปทุมวัน กรุงเทพมหานคร 1 เครื่อง,2022,"22,000,000",False,
74,2022.3.17.74,2022.3.17,47,สภากาชาดไทย,สภากาชาดไทย,False,แผนงานยุทธศาสตร์เสริมสร้างให้คนมีสุขภาวะที่ดี,,โครงการเพิ่มศักยภาพการให้บริการทางด้านสาธารณสุข,งบเงินอุดหนุน,เงินอุดหนุนทั่วไป,ค่าครุภัณฑ์,,,,กล้องผ่าตัดจุลศัลยกรรม แขวงปทุมวัน เขตปทุมวัน กรุงเทพมหานคร 1 เครื่อง,2022,"8,900,000",False,
75,2022.3.17.75,2022.3.17,47,สภากาชาดไทย,สภากาชาดไทย,False,แผนงานยุทธศาสตร์เสริมสร้างให้คนมีสุขภาวะที่ดี,,โครงการเพิ่มศักยภาพการให้บริการทางด้านสาธารณสุข,งบเงินอุดหนุน,เงินอุดหนุนทั่วไป,ค่าครุภัณฑ์,,,,เครื่องตรวจอวัยวะภายในด้วยคลื่นเสียงความถี่สูงชนิดสี สำหรับวินิจฉัยโรคเต้านม แขวงปทุมวัน เขตปทุมวัน กรุงเทพมหานคร 1 เครื่อง,2022,"8,000,000",False,
76,2022.3.17.76,2022.3.17,47,สภากาชาดไทย,สภากาชาดไทย,False,แผนงานยุทธศาสตร์เสริมสร้างให้คนมีสุขภาวะที่ดี,,โครงการเพิ่มศักยภาพการให้บริการทางด้านสาธารณสุข,งบเงินอุดหนุน,เงินอุดหนุนทั่วไป,ค่าครุภัณฑ์,,,,เครื่องตรวจอวัยวะภายในด้วยคลื่นเสียงความถี่สูงชนิดสี สำหรับงานบริการฉุกเฉิน แขวงปทุมวัน เขตปทุมวัน กรุงเทพมหานคร 1 เครื่อง,2022,"7,000,000",False,
77,2022.3.17.77,2022.3.17,47,สภากาชาดไทย,สภากาชาดไทย,False,แผนงานยุทธศาสตร์เสริมสร้างให้คนมีสุขภาวะที่ดี,,โครงการเพิ่มศักยภาพการให้บริการทางด้านสาธารณสุข,งบเงินอุดหนุน,เงินอุดหนุนทั่วไป,ค่าครุภัณฑ์,,,,เครื่องตรวจอวัยวะภายในด้วยคลื่นเสียงความถี่สูงชนิดสี สำหรับรังสีร่วมรักษา แขวงปทุมวัน เขตปทุมวัน กรุงเทพมหานคร 1 เครื่อง,2022,"7,000,000",False,
78,2022.3.17.78,2022.3.17,47,สภากาชาดไทย,สภากาชาดไทย,False,แผนงานยุทธศาสตร์เสริมสร้างให้คนมีสุขภาวะที่ดี,,โครงการเพิ่มศักยภาพการให้บริการทางด้านสาธารณสุข,งบเงินอุดหนุน,เงินอุดหนุนทั่วไป,ค่าครุภัณฑ์,,,,เครื่องกระตุ้นสมองด้วยคลื่นแม่เหล็กไฟฟ้า แขวงปทุมวัน เขตปทุมวัน กรุงเทพมหานคร 1 ชุด,2022,"6,500,000",False,
79,2022.3.17.79,2022.3.17,47,สภากาชาดไทย,สภากาชาดไทย,False,แผนงานยุทธศาสตร์เสริมสร้างให้คนมีสุขภาวะที่ดี,,โครงการเพิ่มศักยภาพการให้บริการทางด้านสาธารณสุข,งบเงินอุดหนุน,เงินอุดหนุนทั่วไป,ค่าครุภัณฑ์,,,,ชุดผ่าตัดผ่านกล้องระบบ 4K แขวงปทุมวัน เขตปทุมวัน กรุงเทพมหานคร 1 ชุด,2022,"6,395,000",False,
80,2022.3.17.80,2022.3.17,47,สภากาชาดไทย,สภากาชาดไทย,False,แผนงานยุทธศาสตร์เสริมสร้างให้คนมีสุขภาวะที่ดี,,โครงการเพิ่มศักยภาพการให้บริการทางด้านสาธารณสุข,งบเงินอุดหนุน,เงินอุดหนุนทั่วไป,ค่าครุภัณฑ์,,,,ชุดประมวลสัญญาณภาพระบบวิดีทัศน์พร้อมจอแสดงภาพ ลd บ 6 ชนิดความละเอียดสูง แขวงปทุมวัน เขตปทุมวัน กรุงเทพมหานคร 1 ชุด,2022,"4,990,000",False,
81,2022.3.17.81,2022.3.17,47,สภากาชาดไทย,สภากาชาดไทย,False,แผนงานยุทธศาสตร์เสริมสร้างให้คนมีสุขภาวะที่ดี,,โครงการเพิ่มศักยภาพการให้บริการทางด้านสาธารณสุข,งบเงินอุดหนุน,เงินอุดหนุนทั่วไป,ค่าครุภัณฑ์,,,,ชุดประมวลสัญญาณภาพระบบวิดีทัศน์ แขวงปทุมวัน เขตปทุมวัน กรุงเทพมหานคร 1 ชุด,2022,"4,000,000",False,
82,2022.3.17.82,2022.3.17,47,สภากาชาดไทย,สภากาชาดไทย,False,แผนงานยุทธศาสตร์เสริมสร้างให้คนมีสุขภาวะที่ดี,,โครงการเพิ่มศักยภาพการให้บริการทางด้านสาธารณสุข,งบเงินอุดหนุน,เงินอุดหนุนทั่วไป,ค่าครุภัณฑ์,,,,เครื่องจีและตัดด้วยก๊าซอาร์กอน แขวงปทุมวัน เขตปทุมวัน กรุงเทพมหานคร 1 ชุด,2022,"3,000,000",False,
83,2022.3.17.83,2022.3.17,47,สภากาชาดไทย,สภากาชาดไทย,False,แผนงานยุทธศาสตร์เสริมสร้างให้คนมีสุขภาวะที่ดี,,โครงการเพิ่มศักยภาพการให้บริการทางด้านสาธารณสุข,งบเงินอุดหนุน,เงินอุดหนุนทั่วไป,ค่าครุภัณฑ์,,,,เครื่องวัดลานสายตาแบบอัตโนมัติ แขวงปทุมวัน เขตปทุมวัน กรุงเทพมหานคร 1 เครื่อง,2022,"2,700,000",False,
84,2022.3.17.84,2022.3.17,47,สภากาชาดไทย,สภากาชาดไทย,False,แผนงานยุทธศาสตร์เสริมสร้างให้คนมีสุขภาวะที่ดี,,โครงการเพิ่มศักยภาพการให้บริการทางด้านสาธารณสุข,งบเงินอุดหนุน,เงินอุดหนุนทั่วไป,ค่าครุภัณฑ์,,,,เครื่องรักษาโรคตาด้วยเลเซอร์ชนิดอินฟราเรด แขวงปทุมวัน เขตปทุมวัน กรุงเทพมหานคร 1 เครื่อง,2022,"2,300,000",False,
85,2022.3.17.85,2022.3.17,47,สภากาชาดไทย,สภากาชาดไทย,False,แผนงานยุทธศาสตร์เสริมสร้างให้คนมีสุขภาวะที่ดี,,โครงการเพิ่มศักยภาพการให้บริการทางด้านสาธารณสุข,งบเงินอุดหนุน,เงินอุดหนุนทั่วไป,ค่าครุภัณฑ์,,,,เครื่องเฝ้าติดตามการทำงานของเส้นประสาทขณะผ่าตัด แขวงปทุมวัน เขตปทุมวัน กรุงเทพมหานคร 1 เครื่อง,2022,"1,900,000",False,
86,2022.3.17.86,2022.3.17,47,สภากาชาดไทย,สภากาชาดไทย,False,แผนงานยุทธศาสตร์เสริมสร้างให้คนมีสุขภาวะที่ดี,,โครงการเพิ่มศักยภาพการให้บริการทางด้านสาธารณสุข,งบเงินอุดหนุน,เงินอุดหนุนทั่วไป,ค่าครุภัณฑ์,,,,กล้องส่องตรวจท่อไตชนิดวิดีทัศน์ แขวงปทุมวัน เขตปทุมวัน กรุงเทพมหานคร 1 กล้อง,2022,"1,330,000",False,
87,2022.3.17.87,2022.3.17,47,สภากาชาดไทย,สภากาชาดไทย,False,แผนงานยุทธศาสตร์เสริมสร้างให้คนมีสุขภาวะที่ดี,,โครงการเพิ่มศักยภาพการให้บริการทางด้านสาธารณสุข,งบเงินอุดหนุน,เงินอุดหนุนทั่วไป,ค่าครุภัณฑ์,,,,เครื่องวิเคราะห์สารพันธุกรรมแบบอัตโนมัติ ในมิติ แขวงปทุมวัน เขตปทุมวัน กรุงเทพมหานคร 1 ชุด,2022,"22,470,000",False,
88,2022.3.17.88,2022.3.17,48,สภากาชาดไทย,สภากาชาดไทย,False,แผนงานยุทธศาสตร์เสริมสร้างให้คนมีสุขภาวะที่ดี,,โครงการเพิ่มศักยภาพการให้บริการทางด้านสาธารณสุข,งบเงินอุดหนุน,เงินอุดหนุนทั่วไป,ค่าครุภัณฑ์,,,,"ชุดผ่าตัดผ่านกล้องระบบวิดีทัศน์ชนิด Ad U, 6A 4K แขวงปทุมวัน เขตปทุมวัน กรุงเทพมหานคร 1 ชุด",2022,"7,900,000",False,
89,2022.3.17.89,2022.3.17,48,สภากาชาดไทย,สภากาชาดไทย,False,แผนงานยุทธศาสตร์เสริมสร้างให้คนมีสุขภาวะที่ดี,,โครงการเพิ่มศักยภาพการให้บริการทางด้านสาธารณสุข,งบเงินอุดหนุน,เงินอุดหนุนทั่วไป,ค่าครุภัณฑ์,,,,เครื่องพิมพ์ชีวภาพสามมิติ แขวงปทุมวัน เขตปทุมวัน กรุงเทพมหานคร 1 เครื่อง,2022,"4,635,500",False,
90,2022.3.17.90,2022.3.17,48,สภากาชาดไทย,สภากาชาดไทย,False,แผนงานยุทธศาสตร์เสริมสร้างให้คนมีสุขภาวะที่ดี,,โครงการเพิ่มศักยภาพการให้บริการทางด้านสาธารณสุข,งบเงินอุดหนุน,เงินอุดหนุนทั่วไป,ค่าครุภัณฑ์,,,,เครื่องฉีดคาร์บอนไดออกไซด์อัตโนมัติ แขวงปทุมวัน เขตปทุมวัน กรุงเทพมหานคร 1 เครื่อง,2022,"3,210,000",False,
91,2022.3.17.91,2022.3.17,48,สภากาชาดไทย,สภากาชาดไทย,False,แผนงานยุทธศาสตร์เสริมสร้างให้คนมีสุขภาวะที่ดี,,โครงการเพิ่มศักยภาพการให้บริการทางด้านสาธารณสุข,งบเงินอุดหนุน,เงินอุดหนุนทั่วไป,ค่าครุภัณฑ์,,,,เครื่องวิเคราะห์การกลายพันธุ์ของยีนมะเร็งแบบอัตโนมัติ แขวงปทุมวัน เขตปทุมวัน กรุงเทพมหานคร 1 ชุด,2022,"3,000,000",False,
92,2022.3.17.92,2022.3.17,48,สภากาชาดไทย,สภากาชาดไทย,False,แผนงานยุทธศาสตร์เสริมสร้างให้คนมีสุขภาวะที่ดี,,โครงการเพิ่มศักยภาพการให้บริการทางด้านสาธารณสุข,งบเงินอุดหนุน,เงินอุดหนุนทั่วไป,ค่าครุภัณฑ์,,,,เครื่องบดกระดูกแบบอัตโนมัติ แขวงปทุมวัน เขตปทุมวัน กรุงเทพมหานคร 1 ชุด,2022,"2,800,000",False,
93,2022.3.17.93,2022.3.17,48,สภากาชาดไทย,สภากาชาดไทย,False,แผนงานยุทธศาสตร์เสริมสร้างให้คนมีสุขภาวะที่ดี,,โครงการเพิ่มศักยภาพการให้บริการทางด้านสาธารณสุข,งบเงินอุดหนุน,เงินอุดหนุนทั่วไป,ค่าครุภัณฑ์,,,,กล้องส่องตรวจลำไส้ใหญ่และทวารหนักชนิดความละเอียดสูง แขวงปทุมวัน เขตปทุมวัน กรุงเทพมหานคร 2 เครื่อง,2022,"5,400,000",False,
94,2022.3.17.94,2022.3.17,48,สภากาชาดไทย,สภากาชาดไทย,False,แผนงานยุทธศาสตร์เสริมสร้างให้คนมีสุขภาวะที่ดี,,โครงการเพิ่มศักยภาพการให้บริการทางด้านสาธารณสุข,งบเงินอุดหนุน,เงินอุดหนุนทั่วไป,ค่าครุภัณฑ์,,,,เครื่องวิเคราะห์อัตราการเกิดปฏิกิริยาชีวเคมี แขวงปทุมวัน เขตปทุมวัน กรุงเทพมหานคร 1 เครื่อง,2022,"2,600,000",False,
95,2022.3.17.95,2022.3.17,48,สภากาชาดไทย,สภากาชาดไทย,False,แผนงานยุทธศาสตร์เสริมสร้างให้คนมีสุขภาวะที่ดี,,โครงการเพิ่มศักยภาพการให้บริการทางด้านสาธารณสุข,งบเงินอุดหนุน,เงินอุดหนุนทั่วไป,ค่าครุภัณฑ์,,,,ระบบสำหรับการวางแผนการผ่าตัดกระดูกแบบดิจิตอล แขวงปทุมวัน เขตปทุมวัน กรุงเทพมหานคร 1 ระบบ,2022,"2,500,000",False,
96,2022.3.17.96,2022.3.17,48,สภากาชาดไทย,สภากาชาดไทย,False,แผนงานยุทธศาสตร์เสริมสร้างให้คนมีสุขภาวะที่ดี,,โครงการเพิ่มศักยภาพการให้บริการทางด้านสาธารณสุข,งบเงินอุดหนุน,เงินอุดหนุนทั่วไป,ค่าครุภัณฑ์,,,,เครื่องตัดเนื้อเยื่อพร้อมระบบนำทาง แขวงปทุมวัน เขตปทุมวัน กรุงเทพมหานคร 1 ชุด,2022,"2,300,000",False,
97,2022.3.17.97,2022.3.17,48,สภากาชาดไทย,สภากาชาดไทย,False,แผนงานยุทธศาสตร์เสริมสร้างให้คนมีสุขภาวะที่ดี,,โครงการเพิ่มศักยภาพการให้บริการทางด้านสาธารณสุข,งบเงินอุดหนุน,เงินอุดหนุนทั่วไป,ค่าครุภัณฑ์,,,,ชุดเครื่องมือผ่าตัดจุลศัลยกรรมระบบประสาท แขวงปทุมวัน เขตปทุมวัน กรุงเทพมหานคร 1 ชุด,2022,"2,123,500",False,
98,2022.3.17.98,2022.3.17,48,สภากาชาดไทย,สภากาชาดไทย,False,แผนงานยุทธศาสตร์เสริมสร้างให้คนมีสุขภาวะที่ดี,,โครงการเพิ่มศักยภาพการให้บริการทางด้านสาธารณสุข,งบเงินอุดหนุน,เงินอุดหนุนทั่วไป,ค่าครุภัณฑ์,,,,เครื่องทำแห้งแบบเยือกแข็ง แขวงปทุมวัน เขตปทุมวัน กรุงเทพมหานคร 1 เครื่อง,2022,"2,000,000",False,
99,2022.3.17.99,2022.3.17,48,สภากาชาดไทย,สภากาชาดไทย,False,แผนงานยุทธศาสตร์เสริมสร้างให้คนมีสุขภาวะที่ดี,,โครงการเพิ่มศักยภาพการให้บริการทางด้านสาธารณสุข,งบเงินอุดหนุน,เงินอุดหนุนทั่วไป,ค่าครุภัณฑ์,,,,กล้องส่องตรวจปอดและหลอดลมขนาดเล็กพิเศษ ชนิดวิดีทัศน์ แขวงปทุมวัน เขตปทุมวัน กรุงเทพมหานคร 1 กล้อง,2022,"1,400,000",False,
100,2022.3.17.100,2022.3.17,48,สภากาชาดไทย,สภากาชาดไทย,False,แผนงานยุทธศาสตร์เสริมสร้างให้คนมีสุขภาวะที่ดี,,โครงการเพิ่มศักยภาพการให้บริการทางด้านสาธารณสุข,งบเงินอุดหนุน,เงินอุดหนุนทั่วไป,ค่าครุภัณฑ์,,,,เครื่องวัดปริมาณรังสีแกมม่า แขวงปทุมวัน เขตปทุมวัน กรุงเทพมหานคร 1 เครื่อง,2022,"1,391,000",False,
101,2022.3.17.101,2022.3.17,48,สภากาชาดไทย,สภากาชาดไทย,False,แผนงานยุทธศาสตร์เสริมสร้างให้คนมีสุขภาวะที่ดี,,โครงการเพิ่มศักยภาพการให้บริการทางด้านสาธารณสุข,งบเงินอุดหนุน,เงินอุดหนุนทั่วไป,ค่าครุภัณฑ์,,,,ระบบ ลิงก์ เมน ยูนิต แขวงปทุมวัน เขตปทุมวัน กรุงเทพมหานคร 1 ระบบ,2022,"4,552,000",False,
102,2022.3.17.102,2022.3.17,48,สภากาชาดไทย,สภากาชาดไทย,False,แผนงานยุทธศาสตร์เสริมสร้างให้คนมีสุขภาวะที่ดี,,โครงการเพิ่มศักยภาพการให้บริการทางด้านสาธารณสุข,งบเงินอุดหนุน,เงินอุดหนุนทั่วไป,ค่าครุภัณฑ์,,,,ครุภัณฑ์วิทยาศาสตร์ที่มีราคาต่อหน่วยต่ำกว่า 6 ส่ส 1 ล้านบาท รวม 52 รายการ (รวม 55 หน่วย),2022,"20,480,000",False,
103,2022.3.17.103,2022.3.17,48,สภากาชาดไทย,สภากาชาดไทย,False,แผนงานยุทธศาสตร์เสริมสร้างให้คนมีสุขภาวะที่ดี,,โครงการเพิ่มศักยภาพการให้บริการทางด้านสาธารณสุข,งบเงินอุดหนุน,เงินอุดหนุนทั่วไป,ค่าครุภัณฑ์,,,,ชุดเครื่องปฏิกรณ์ชีวภาพพร้อมอุปกรณ์ ขนาดไม่น้อยกว่า 5 ลิตร แขวงปทุมวัน เขตปทุมวัน กรุงเทพมหานคร 1 ชุด,2022,"4,000,000",False,
104,2022.3.17.104,2022.3.17,48,สภากาชาดไทย,สภากาชาดไทย,False,แผนงานยุทธศาสตร์เสริมสร้างให้คนมีสุขภาวะที่ดี,,โครงการเพิ่มศักยภาพการให้บริการทางด้านสาธารณสุข,งบเงินอุดหนุน,เงินอุดหนุนทั่วไป,ค่าครุภัณฑ์,,,,เครื่องปั่นเหวี่ยงความเร็วสูง แขวงปทุมวัน เขตปทุมวัน กรุงเทพมหานคร 1 เครื่อง,2022,"2,000,000",False,
105,2022.3.17.105,2022.3.17,48,สภากาชาดไทย,สภากาชาดไทย,False,แผนงานยุทธศาสตร์เสริมสร้างให้คนมีสุขภาวะที่ดี,,โครงการเพิ่มศักยภาพการให้บริการทางด้านสาธารณสุข,งบเงินอุดหนุน,เงินอุดหนุนทั่วไป,ค่าครุภัณฑ์,,,,เครื่องโฟลไซโตมิเตอร์ แขวงปทุมวัน เขตปทุมวัน กรุงเทพมหานคร 1 เครื่อง,2022,"5,000,000",False,
106,2022.3.17.106,2022.3.17,48,สภากาชาดไทย,สภากาชาดไทย,False,แผนงานยุทธศาสตร์เสริมสร้างให้คนมีสุขภาวะที่ดี,,โครงการเพิ่มศักยภาพการให้บริการทางด้านสาธารณสุข,งบเงินอุดหนุน,เงินอุดหนุนทั่วไป,ค่าครุภัณฑ์,,,,เครื่องเขย่าแบบตั้งพื้นชนิดควบคุมอุณหภูมิ แขวงปทุมวัน เขตปทุมวัน กรุงเทพมหานคร 1 เครื่อง,2022,"1,100,000",False,
107,2022.3.17.107,2022.3.17,49,สภากาชาดไทย,สภากาชาดไทย,False,แผนงานยุทธศาสตร์เสริมสร้างให้คนมีสุขภาวะที่ดี,,โครงการเพิ่มศักยภาพการให้บริการทางด้านสาธารณสุข,งบเงินอุดหนุน,เงินอุดหนุนทั่วไป,ค่าครุภัณฑ์,,,,เครื่องล้างถังปฏิกรณ์ชีวภาพและอุปกรณ์เครื่องแก้ว แขวงปทุมวัน เขตปทุมวัน กรุงเทพมหานคร 1 เครื่อง,2022,"1,200,000",False,
108,2022.3.17.108,2022.3.17,49,สภากาชาดไทย,สภากาชาดไทย,False,แผนงานยุทธศาสตร์เสริมสร้างให้คนมีสุขภาวะที่ดี,,โครงการเพิ่มศักยภาพการให้บริการทางด้านสาธารณสุข,งบเงินอุดหนุน,เงินอุดหนุนทั่วไป,ค่าครุภัณฑ์,,,,เครื่องวิเคราะห์ปริมาณสารทางชีววัตถุ แขวงปทุมวัน เขตปทุมวัน กรุงเทพมหานคร 1 เครื่อง,2022,"2,500,000",False,
109,2022.3.17.109,2022.3.17,49,สภากาชาดไทย,สภากาชาดไทย,False,แผนงานยุทธศาสตร์เสริมสร้างให้คนมีสุขภาวะที่ดี,,โครงการเพิ่มศักยภาพการให้บริการทางด้านสาธารณสุข,งบเงินอุดหนุน,เงินอุดหนุนทั่วไป,ค่าครุภัณฑ์,,,,ตู้แช่แข็งอุณหภูมิต่ำ บ แขวงปทุมวัน เขตปทุมวัน กรุงเทพมหานคร 1 ตู้,2022,"1,200,000",False,
110,2022.3.17.110,2022.3.17,49,สภากาชาดไทย,สภากาชาดไทย,False,แผนงานยุทธศาสตร์เสริมสร้างให้คนมีสุขภาวะที่ดี,,โครงการเพิ่มศักยภาพการให้บริการทางด้านสาธารณสุข,งบเงินอุดหนุน,เงินอุดหนุนทั่วไป,ค่าครุภัณฑ์,,,,เครื่องวิเคราะห์ตัวอย่างโปรตีนและสารพันธุกรรม 6 บ ชนิดปรับความยาวคลื่นแสงได้ โด้ แขวงปทุมวัน เขตปทุมวัน กรุงเทพมหานคร 1 เครื่อง,2022,"2,500,000",False,
111,2022.3.17.111,2022.3.17,49,สภากาชาดไทย,สภากาชาดไทย,False,แผนงานยุทธศาสตร์เสริมสร้างให้คนมีสุขภาวะที่ดี,,โครงการเพิ่มศักยภาพการให้บริการทางด้านสาธารณสุข,งบเงินอุดหนุน,เงินอุดหนุนทั่วไป,ค่าครุภัณฑ์,,,,กล้องจุลทรรศน์หัวกลับ ชนิดเทคนิคฟลูออเรสเซนต์ พร้อมชุดถ่ายภาพ แขวงปทุมวัน เขตปทุมวัน กรุงเทพมหานคร 1 กล้อง,2022,"1,700,000",False,
112,2022.3.17.112,2022.3.17,49,สภากาชาดไทย,สภากาชาดไทย,False,แผนงานยุทธศาสตร์เสริมสร้างให้คนมีสุขภาวะที่ดี,,โครงการเพิ่มศักยภาพการให้บริการทางด้านสาธารณสุข,งบเงินอุดหนุน,เงินอุดหนุนทั่วไป,ค่าครุภัณฑ์,,,,ชุดเครื่องปฏิกรณ์ชีวภาพพร้อมอุปกรณ์ ขนาดไม่น้อยกว่า 30 ลิตร แขวงปทุมวัน เขตปทุมวัน กรุงเทพมหานคร 1 ชุด,2022,"20,000,000",False,
113,2022.3.17.113,2022.3.17,49,สภากาชาดไทย,สภากาชาดไทย,False,แผนงานยุทธศาสตร์เสริมสร้างให้คนมีสุขภาวะที่ดี,,โครงการเพิ่มศักยภาพการให้บริการทางด้านสาธารณสุข,งบเงินอุดหนุน,เงินอุดหนุนทั่วไป,ค่าครุภัณฑ์,,,,เครื่องปั่นเหวี่ยงแบบตกตะกอนอุตสาหกรรม แขวงปทุมวัน เขตปทุมวัน กรุงเทพมหานคร 1 เครื่อง,2022,"20,000,000",False,
114,2022.3.17.114,2022.3.17,49,สภากาชาดไทย,สภากาชาดไทย,False,แผนงานยุทธศาสตร์เสริมสร้างให้คนมีสุขภาวะที่ดี,,โครงการเพิ่มศักยภาพการให้บริการทางด้านสาธารณสุข,งบเงินอุดหนุน,เงินอุดหนุนทั่วไป,ค่าครุภัณฑ์,,,,ถังผสม 100 ลิตร แขวงปทุมวัน เขตปทุมวัน กรุงเทพมหานคร 1 ถัง,2022,"6,000,000",False,
115,2022.3.17.115,2022.3.17,49,สภากาชาดไทย,สภากาชาดไทย,False,แผนงานยุทธศาสตร์เสริมสร้างให้คนมีสุขภาวะที่ดี,,โครงการเพิ่มศักยภาพการให้บริการทางด้านสาธารณสุข,งบเงินอุดหนุน,เงินอุดหนุนทั่วไป,ค่าครุภัณฑ์,,,,เครื่องล้างอุปกรณ์ ขนาด 160 ลิตร แขวงปทุมวัน เขตปทุมวัน กรุงเทพมหานคร 1 เครื่อง,2022,"2,000,000",False,
116,2022.3.17.116,2022.3.17,49,สภากาชาดไทย,สภากาชาดไทย,False,แผนงานยุทธศาสตร์เสริมสร้างให้คนมีสุขภาวะที่ดี,,โครงการเพิ่มศักยภาพการให้บริการทางด้านสาธารณสุข,งบเงินอุดหนุน,เงินอุดหนุนทั่วไป,ค่าครุภัณฑ์,,,,เครื่องกรองอัดตะกอนชนิดเพลทแอนด์เฟรม แขวงปทุมวัน เขตปทุมวัน กรุงเทพมหานคร 1 ชุด,2022,"4,000,000",False,
117,2022.3.17.117,2022.3.17,49,สภากาชาดไทย,สภากาชาดไทย,False,แผนงานยุทธศาสตร์เสริมสร้างให้คนมีสุขภาวะที่ดี,,โครงการเพิ่มศักยภาพการให้บริการทางด้านสาธารณสุข,งบเงินอุดหนุน,เงินอุดหนุนทั่วไป,ค่าครุภัณฑ์,,,,เครื่องตรวจสอบลักษณะผลิตภัณฑ์บรรจุเสร็จ แขวงปทุมวัน เขตปทุมวัน กรุงเทพมหานคร 1 เครื่อง,2022,"15,000,000",False,
118,2022.3.17.118,2022.3.17,49,สภากาชาดไทย,สภากาชาดไทย,False,แผนงานยุทธศาสตร์เสริมสร้างให้คนมีสุขภาวะที่ดี,,โครงการเพิ่มศักยภาพการให้บริการทางด้านสาธารณสุข,งบเงินอุดหนุน,เงินอุดหนุนทั่วไป,ค่าครุภัณฑ์,,,,ชุดกล้องจุลทรรศน์หัวกาลับพร้อมอุปกระณ์ประมวลผล แขวงปทุมวัน เขตปทุมวัน กรุงเทพมหานคร 1 ชุด,2022,"3,500,000",False,
119,2022.3.17.119,2022.3.17,49,สภากาชาดไทย,สภากาชาดไทย,False,แผนงานยุทธศาสตร์เสริมสร้างให้คนมีสุขภาวะที่ดี,,โครงการเพิ่มศักยภาพการให้บริการทางด้านสาธารณสุข,งบเงินอุดหนุน,เงินอุดหนุนทั่วไป,ค่าครุภัณฑ์,,,,กรงเลี้ยงกระต่าย (30 กรง) แขวงปทุมวัน เขตปทุมวัน กรุงเทพมหานคร 1 ชุด,2022,"3,500,000",False,
120,2022.3.17.120,2022.3.17,49,สภากาชาดไทย,สภากาชาดไทย,False,แผนงานยุทธศาสตร์เสริมสร้างให้คนมีสุขภาวะที่ดี,,โครงการเพิ่มศักยภาพการให้บริการทางด้านสาธารณสุข,งบเงินอุดหนุน,เงินอุดหนุนทั่วไป,ค่าครุภัณฑ์,,,,เครื่องวัดค่าการดูดกลืนแสงบนไมโครเพลทและเครื่องล้า เรื่องลาง ปฏิกิริยาบนไมโครเพลท พร้อมอุปกรณ์ประกอบ แขวงปทุมวัน เขตปทุมวัน กรุงเทพมหานคร 1 ชุด,2022,"2,500,000",False,
121,2022.3.17.121,2022.3.17,49,สภากาชาดไทย,สภากาชาดไทย,False,แผนงานยุทธศาสตร์เสริมสร้างให้คนมีสุขภาวะที่ดี,,โครงการเพิ่มศักยภาพการให้บริการทางด้านสาธารณสุข,งบเงินอุดหนุน,เงินอุดหนุนทั่วไป,ค่าครุภัณฑ์,,,,เครื่องกำเนิดไฟฟ้า แขวงปทุมวัน เขตปทุมวัน กรุงเทพมหานคร 1 ชุด,2022,"1,500,000",False,
122,2022.3.17.122,2022.3.17,49,สภากาชาดไทย,สภากาชาดไทย,False,แผนงานยุทธศาสตร์เสริมสร้างให้คนมีสุขภาวะที่ดี,,โครงการเพิ่มศักยภาพการให้บริการทางด้านสาธารณสุข,งบเงินอุดหนุน,เงินอุดหนุนทั่วไป,ค่าครุภัณฑ์,,,,เครื่องตรวจจำแนกเชื้อและทดสอบความไวของเชื้อต่อยาปฏิชีวนะ แบบอัตโนมัติ แขวงปทุมวัน เขตปทุมวัน กรุงเทพมหานคร 1 ชุด,2022,"3,000,000",False,
123,2022.3.17.123,2022.3.17,49,สภากาชาดไทย,สภากาชาดไทย,False,แผนงานยุทธศาสตร์เสริมสร้างให้คนมีสุขภาวะที่ดี,,โครงการเพิ่มศักยภาพการให้บริการทางด้านสาธารณสุข,งบเงินอุดหนุน,เงินอุดหนุนทั่วไป,ค่าครุภัณฑ์,,,,เครื่องพิสูจน์เอกลักษณ์วัตถุดิบ แบบพกพา แขวงปทุมวัน เขตปทุมวัน กรุงเทพมหานคร 1 ชุด,2022,"3,000,000",False,
124,2022.3.17.124,2022.3.17,49,สภากาชาดไทย,สภากาชาดไทย,False,แผนงานยุทธศาสตร์เสริมสร้างให้คนมีสุขภาวะที่ดี,,โครงการเพิ่มศักยภาพการให้บริการทางด้านสาธารณสุข,งบเงินอุดหนุน,เงินอุดหนุนทั่วไป,ค่าครุภัณฑ์,,,,ชุดวิเคราะห์ขนาดและนับจำนวนอนุภาค แขวงปทุมวัน เขตปทุมวัน กรุงเทพมหานคร 1 ชุด,2022,"3,000,000",False,
125,2022.3.17.125,2022.3.17,50,สภากาชาดไทย,สภากาชาดไทย,False,แผนงานยุทธศาสตร์เสริมสร้างให้คนมีสุขภาวะที่ดี,,โครงการเพิ่มศักยภาพการให้บริการทางด้านสาธารณสุข,งบเงินอุดหนุน,เงินอุดหนุนทั่วไป,ค่าครุภัณฑ์,,,,เครื่องตรวจรั่วของภาชนะบรรจุยา แขวงปทุมวัน เขตปทุมวัน กรุงเทพมหานคร 1 เครื่อง,2022,"8,500,000",False,
126,2022.3.17.126,2022.3.17,50,สภากาชาดไทย,สภากาชาดไทย,False,แผนงานยุทธศาสตร์เสริมสร้างให้คนมีสุขภาวะที่ดี,,โครงการเพิ่มศักยภาพการให้บริการทางด้านสาธารณสุข,งบเงินอุดหนุน,เงินอุดหนุนทั่วไป,ค่าครุภัณฑ์,,,,เครื่องถ่ายภาพแผ่นสารเรืองแสงด้วยเทคนิคเคมิลูมิเนสเซ็นต์ แขวงปทุมวัน เขตปทุมวัน กรุงเทพมหานคร 1 เครื่อง,2022,"1,200,000",False,
127,2022.3.17.127,2022.3.17,50,สภากาชาดไทย,สภากาชาดไทย,False,แผนงานยุทธศาสตร์เสริมสร้างให้คนมีสุขภาวะที่ดี,,โครงการเพิ่มศักยภาพการให้บริการทางด้านสาธารณสุข,งบเงินอุดหนุน,เงินอุดหนุนทั่วไป,ค่าครุภัณฑ์,,,,เครื่องเอ็กซเรย์ระบบดิ ิจิตอล แขวงปทุมวัน เขตปทุมวัน กรุงเทพมหานคร 1 เครื่อง,2022,"1,800,000",False,
128,2022.3.17.128,2022.3.17,50,สภากาชาดไทย,สภากาชาดไทย,False,แผนงานยุทธศาสตร์เสริมสร้างให้คนมีสุขภาวะที่ดี,,โครงการเพิ่มศักยภาพการให้บริการทางด้านสาธารณสุข,งบเงินอุดหนุน,เงินอุดหนุนทั่วไป,ค่าครุภัณฑ์,,,,เครื่องตรวจอวัยวะภายในด้วยคลื่นเสียงความถี่สูง แขวงปทุมวัน เขตปทุมวัน กรุงเทพมหานคร 1 เครื่อง,2022,"1,100,000",False,
129,2022.3.17.129,2022.3.17,50,สภากาชาดไทย,สภากาชาดไทย,False,แผนงานยุทธศาสตร์เสริมสร้างให้คนมีสุขภาวะที่ดี,,โครงการเพิ่มศักยภาพการให้บริการทางด้านสาธารณสุข,งบเงินอุดหนุน,เงินอุดหนุนทั่วไป,ค่าครุภัณฑ์,,,,กล้องส่องตรวจอวัยวะภายใน ระบบทางเดินอาหาร ระบบทางเดินหายใจ และช่องปาก แขวงปทุมวัน เขตปทุมวัน กรุงเทพมหานคร 1 กล้อง,2022,"1,423,000",False,
130,2022.3.17.130,2022.3.17,50,สภากาชาดไทย,สภากาชาดไทย,False,แผนงานยุทธศาสตร์เสริมสร้างให้คนมีสุขภาวะที่ดี,,โครงการเพิ่มศักยภาพการให้บริการทางด้านสาธารณสุข,งบเงินอุดหนุน,เงินอุดหนุนทั่วไป,ค่าครุภัณฑ์,,,,เครื่องดมยาสลบในม้า แขวงปทุมวัน เขตปทุมวัน กรุงเทพมหานคร 1 เครื่อง,2022,"1,437,000",False,
131,2022.3.17.131,2022.3.17,50,สภากาชาดไทย,สภากาชาดไทย,False,แผนงานยุทธศาสตร์เสริมสร้างให้คนมีสุขภาวะที่ดี,,โครงการเพิ่มศักยภาพการให้บริการทางด้านสาธารณสุข,งบเงินอุดหนุน,เงินอุดหนุนทั่วไป,ค่าครุภัณฑ์,,,,ปรับปรุงเครื่องบรรจุวัคซีนอัตโนมัติของโรงงานแบ่งบรรจุวัคซีน แขวงปทุมวัน เขตปทุมวัน กรุงเทพมหานคร 1 เครื่อง,2022,"1,000,000",False,
132,2022.3.17.132,2022.3.17,50,สภากาชาดไทย,สภากาชาดไทย,False,แผนงานยุทธศาสตร์เสริมสร้างให้คนมีสุขภาวะที่ดี,,โครงการเพิ่มศักยภาพการให้บริการทางด้านสาธารณสุข,งบเงินอุดหนุน,เงินอุดหนุนทั่วไป,ค่าที่ดิน/สิ่ก่อสร้าง,,,,ศูนย์บูรณาการบริการด้านการแพทย์และสาธารณสุข แขวงปทุมวัน เขตปทุมวัน กรุงเทพมหานคร 1 หลัง,2019,"368,000,000.0",True,
133,2022.3.17.133,2022.3.17,50,สภากาชาดไทย,สภากาชาดไทย,False,แผนงานยุทธศาสตร์เสริมสร้างให้คนมีสุขภาวะที่ดี,,โครงการเพิ่มศักยภาพการให้บริการทางด้านสาธารณสุข,งบเงินอุดหนุน,เงินอุดหนุนทั่วไป,ค่าที่ดิน/สิ่ก่อสร้าง,,,,ศูนย์บูรณาการบริการด้านการแพทย์และสาธารณสุข แขวงปทุมวัน เขตปทุมวัน กรุงเทพมหานคร 1 หลัง,2020,0.0,True,
134,2022.3.17.134,2022.3.17,50,สภากาชาดไทย,สภากาชาดไทย,False,แผนงานยุทธศาสตร์เสริมสร้างให้คนมีสุขภาวะที่ดี,,โครงการเพิ่มศักยภาพการให้บริการทางด้านสาธารณสุข,งบเงินอุดหนุน,เงินอุดหนุนทั่วไป,ค่าที่ดิน/สิ่ก่อสร้าง,,,,ศูนย์บูรณาการบริการด้านการแพทย์และสาธารณสุข แขวงปทุมวัน เขตปทุมวัน กรุงเทพมหานคร 1 หลัง,2021,"345,664,000.0",True,
135,2022.3.17.135,2022.3.17,50,สภากาชาดไทย,สภากาชาดไทย,False,แผนงานยุทธศาสตร์เสริมสร้างให้คนมีสุขภาวะที่ดี,,โครงการเพิ่มศักยภาพการให้บริการทางด้านสาธารณสุข,งบเงินอุดหนุน,เงินอุดหนุนทั่วไป,ค่าที่ดิน/สิ่ก่อสร้าง,,,,ศูนย์บูรณาการบริการด้านการแพทย์และสาธารณสุข แขวงปทุมวัน เขตปทุมวัน กรุงเทพมหานคร 1 หลัง,2022,"92,968,000.0",True,
136,2022.3.17.136,2022.3.17,50,สภากาชาดไทย,สภากาชาดไทย,False,แผนงานยุทธศาสตร์เสริมสร้างให้คนมีสุขภาวะที่ดี,,โครงการเพิ่มศักยภาพการให้บริการทางด้านสาธารณสุข,งบเงินอุดหนุน,เงินอุดหนุนทั่วไป,ค่าที่ดิน/สิ่ก่อสร้าง,,,,ศูนย์บูรณาการบริการด้านการแพทย์และสาธารณสุข แขวงปทุมวัน เขตปทุมวัน กรุงเทพมหานคร 1 หลัง,2023,"921,368,000.0",True,
137,2022.3.17.137,2022.3.17,50,สภากาชาดไทย,สภากาชาดไทย,False,แผนงานยุทธศาสตร์เสริมสร้างให้คนมีสุขภาวะที่ดี,,โครงการเพิ่มศักยภาพการให้บริการทางด้านสาธารณสุข,งบเงินอุดหนุน,เงินอุดหนุนทั่วไป,ค่าที่ดิน/สิ่ก่อสร้าง,,,,อาคารกำจัดขยะ ระยะที่ 1 แขวงปทุมวัน เขตปทุมวัน กรุงเทพมหานคร บ บ 1 หลัง,2019,"24,000,000.0",True,
138,2022.3.17.138,2022.3.17,50,สภากาชาดไทย,สภากาชาดไทย,False,แผนงานยุทธศาสตร์เสริมสร้างให้คนมีสุขภาวะที่ดี,,โครงการเพิ่มศักยภาพการให้บริการทางด้านสาธารณสุข,งบเงินอุดหนุน,เงินอุดหนุนทั่วไป,ค่าที่ดิน/สิ่ก่อสร้าง,,,,อาคารกำจัดขยะ ระยะที่ 1 แขวงปทุมวัน เขตปทุมวัน กรุงเทพมหานคร บ บ 1 หลัง,2020,0.0,True,
139,2022.3.17.139,2022.3.17,50,สภากาชาดไทย,สภากาชาดไทย,False,แผนงานยุทธศาสตร์เสริมสร้างให้คนมีสุขภาวะที่ดี,,โครงการเพิ่มศักยภาพการให้บริการทางด้านสาธารณสุข,งบเงินอุดหนุน,เงินอุดหนุนทั่วไป,ค่าที่ดิน/สิ่ก่อสร้าง,,,,อาคารกำจัดขยะ ระยะที่ 1 แขวงปทุมวัน เขตปทุมวัน กรุงเทพมหานคร บ บ 1 หลัง,2021,"33,600,000.0",True,
140,2022.3.17.140,2022.3.17,50,สภากาชาดไทย,สภากาชาดไทย,False,แผนงานยุทธศาสตร์เสริมสร้างให้คนมีสุขภาวะที่ดี,,โครงการเพิ่มศักยภาพการให้บริการทางด้านสาธารณสุข,งบเงินอุดหนุน,เงินอุดหนุนทั่วไป,ค่าที่ดิน/สิ่ก่อสร้าง,,,,อาคารกำจัดขยะ ระยะที่ 1 แขวงปทุมวัน เขตปทุมวัน กรุงเทพมหานคร บ บ 1 หลัง,2022,"49,992,000.0",True,
141,2022.3.17.141,2022.3.17,50,สภากาชาดไทย,สภากาชาดไทย,False,แผนงานยุทธศาสตร์เสริมสร้างให้คนมีสุขภาวะที่ดี,,โครงการเพิ่มศักยภาพการให้บริการทางด้านสาธารณสุข,งบเงินอุดหนุน,เงินอุดหนุนทั่วไป,ค่าที่ดิน/สิ่ก่อสร้าง,,,,อาคารกำจัดขยะ ระยะที่ 1 แขวงปทุมวัน เขตปทุมวัน กรุงเทพมหานคร บ บ 1 หลัง,2023,"12,408,000.0",True,
142,2022.3.17.142,2022.3.17,51,สภากาชาดไทย,สภากาชาดไทย,False,แผนงานยุทธศาสตร์เสริมสร้างให้คนมีสุขภาวะที่ดี,,โครงการเพิ่มศักยภาพการให้บริการทางด้านสาธารณสุข,งบเงินอุดหนุน,เงินอุดหนุนทั่วไป,ค่าที่ดิน/สิ่ก่อสร้าง,,,,ปรับปรุงอาคารนวมินทราชินีและอาคารคัคณางค์ แขวงปทุมวัน เขตปทุมวัน กรุงเทพมหานคร 1 งาน,2020,"140,800,000.0",True,
143,2022.3.17.143,2022.3.17,51,สภากาชาดไทย,สภากาชาดไทย,False,แผนงานยุทธศาสตร์เสริมสร้างให้คนมีสุขภาวะที่ดี,,โครงการเพิ่มศักยภาพการให้บริการทางด้านสาธารณสุข,งบเงินอุดหนุน,เงินอุดหนุนทั่วไป,ค่าที่ดิน/สิ่ก่อสร้าง,,,,ปรับปรุงอาคารนวมินทราชินีและอาคารคัคณางค์ แขวงปทุมวัน เขตปทุมวัน กรุงเทพมหานคร 1 งาน,2021,"59,136,000.0",True,
144,2022.3.17.144,2022.3.17,51,สภากาชาดไทย,สภากาชาดไทย,False,แผนงานยุทธศาสตร์เสริมสร้างให้คนมีสุขภาวะที่ดี,,โครงการเพิ่มศักยภาพการให้บริการทางด้านสาธารณสุข,งบเงินอุดหนุน,เงินอุดหนุนทั่วไป,ค่าที่ดิน/สิ่ก่อสร้าง,,,,ปรับปรุงอาคารนวมินทราชินีและอาคารคัคณางค์ แขวงปทุมวัน เขตปทุมวัน กรุงเทพมหานคร 1 งาน,2022,0.0,True,
145,2022.3.17.145,2022.3.17,51,สภากาชาดไทย,สภากาชาดไทย,False,แผนงานยุทธศาสตร์เสริมสร้างให้คนมีสุขภาวะที่ดี,,โครงการเพิ่มศักยภาพการให้บริการทางด้านสาธารณสุข,งบเงินอุดหนุน,เงินอุดหนุนทั่วไป,ค่าที่ดิน/สิ่ก่อสร้าง,,,,ปรับปรุงอาคารนวมินทราชินีและอาคารคัคณางค์ แขวงปทุมวัน เขตปทุมวัน กรุงเทพมหานคร 1 งาน,2023,"466,740,000.0",True,
146,2022.3.17.146,2022.3.17,51,สภากาชาดไทย,สภากาชาดไทย,False,แผนงานยุทธศาสตร์เสริมสร้างให้คนมีสุขภาวะที่ดี,,โครงการเพิ่มศักยภาพการให้บริการทางด้านสาธารณสุข,งบเงินอุดหนุน,เงินอุดหนุนทั่วไป,ค่าที่ดิน/สิ่ก่อสร้าง,,,,ปรับปรุงอาคารนวมินทราชินีและอาคารคัคณางค์ แขวงปทุมวัน เขตปทุมวัน กรุงเทพมหานคร 1 งาน,2024,"33,324,000.0",True,
147,2022.3.17.147,2022.3.17,51,สภากาชาดไทย,สภากาชาดไทย,False,แผนงานยุทธศาสตร์เสริมสร้างให้คนมีสุขภาวะที่ดี,,โครงการเพิ่มศักยภาพการให้บริการทางด้านสาธารณสุข,งบเงินอุดหนุน,เงินอุดหนุนทั่วไป,ค่าที่ดิน/สิ่ก่อสร้าง,,,,ก่อสร้างอาคารศูนย์วิจัยและนวัตกรรมงานบริการ แขวงปทุมวัน เขตปทุมวัน กรุงเทพมหานคร 1 หลัง,2020,"230,400,000.0",True,
148,2022.3.17.148,2022.3.17,51,สภากาชาดไทย,สภากาชาดไทย,False,แผนงานยุทธศาสตร์เสริมสร้างให้คนมีสุขภาวะที่ดี,,โครงการเพิ่มศักยภาพการให้บริการทางด้านสาธารณสุข,งบเงินอุดหนุน,เงินอุดหนุนทั่วไป,ค่าที่ดิน/สิ่ก่อสร้าง,,,,ก่อสร้างอาคารศูนย์วิจัยและนวัตกรรมงานบริการ แขวงปทุมวัน เขตปทุมวัน กรุงเทพมหานคร 1 หลัง,2021,"161,280,000.0",True,
149,2022.3.17.149,2022.3.17,51,สภากาชาดไทย,สภากาชาดไทย,False,แผนงานยุทธศาสตร์เสริมสร้างให้คนมีสุขภาวะที่ดี,,โครงการเพิ่มศักยภาพการให้บริการทางด้านสาธารณสุข,งบเงินอุดหนุน,เงินอุดหนุนทั่วไป,ค่าที่ดิน/สิ่ก่อสร้าง,,,,ก่อสร้างอาคารศูนย์วิจัยและนวัตกรรมงานบริการ แขวงปทุมวัน เขตปทุมวัน กรุงเทพมหานคร 1 หลัง,2022,"202,729,000.0",True,
150,2022.3.17.150,2022.3.17,51,สภากาชาดไทย,สภากาชาดไทย,False,แผนงานยุทธศาสตร์เสริมสร้างให้คนมีสุขภาวะที่ดี,,โครงการเพิ่มศักยภาพการให้บริการทางด้านสาธารณสุข,งบเงินอุดหนุน,เงินอุดหนุนทั่วไป,ค่าที่ดิน/สิ่ก่อสร้าง,,,,ก่อสร้างอาคารศูนย์วิจัยและนวัตกรรมงานบริการ แขวงปทุมวัน เขตปทุมวัน กรุงเทพมหานคร 1 หลัง,2023,"489,591,000.0",True,
151,2022.3.17.151,2022.3.17,51,สภากาชาดไทย,สภากาชาดไทย,False,แผนงานยุทธศาสตร์เสริมสร้างให้คนมีสุขภาวะที่ดี,,โครงการเพิ่มศักยภาพการให้บริการทางด้านสาธารณสุข,งบเงินอุดหนุน,เงินอุดหนุนทั่วไป,ค่าที่ดิน/สิ่ก่อสร้าง,ค่าควบคุมงานที่มีราคาต่อหน่วยตำกว่า 10 ล้านบาท รวม 8 รายการ (รวม 8 หน่วย),,,ค่าควบคุมงานก่อสร้างอาคารกำจัดขยะ ระยะที่ 1 แขวงปทุมวัน บ น เขตปทุมวัน กรุงเทพมหานคร 1 งาน,2019,"960,000.0",True,
152,2022.3.17.152,2022.3.17,51,สภากาชาดไทย,สภากาชาดไทย,False,แผนงานยุทธศาสตร์เสริมสร้างให้คนมีสุขภาวะที่ดี,,โครงการเพิ่มศักยภาพการให้บริการทางด้านสาธารณสุข,งบเงินอุดหนุน,เงินอุดหนุนทั่วไป,ค่าที่ดิน/สิ่ก่อสร้าง,ค่าควบคุมงานที่มีราคาต่อหน่วยตำกว่า 10 ล้านบาท รวม 8 รายการ (รวม 8 หน่วย),,,ค่าควบคุมงานก่อสร้างอาคารกำจัดขยะ ระยะที่ 1 แขวงปทุมวัน บ น เขตปทุมวัน กรุงเทพมหานคร 1 งาน,2020,0.0,True,
153,2022.3.17.153,2022.3.17,51,สภากาชาดไทย,สภากาชาดไทย,False,แผนงานยุทธศาสตร์เสริมสร้างให้คนมีสุขภาวะที่ดี,,โครงการเพิ่มศักยภาพการให้บริการทางด้านสาธารณสุข,งบเงินอุดหนุน,เงินอุดหนุนทั่วไป,ค่าที่ดิน/สิ่ก่อสร้าง,ค่าควบคุมงานที่มีราคาต่อหน่วยตำกว่า 10 ล้านบาท รวม 8 รายการ (รวม 8 หน่วย),,,ค่าควบคุมงานก่อสร้างอาคารกำจัดขยะ ระยะที่ 1 แขวงปทุมวัน บ น เขตปทุมวัน กรุงเทพมหานคร 1 งาน,2021,"1,440,000.0",True,
154,2022.3.17.154,2022.3.17,51,สภากาชาดไทย,สภากาชาดไทย,False,แผนงานยุทธศาสตร์เสริมสร้างให้คนมีสุขภาวะที่ดี,,โครงการเพิ่มศักยภาพการให้บริการทางด้านสาธารณสุข,งบเงินอุดหนุน,เงินอุดหนุนทั่วไป,ค่าที่ดิน/สิ่ก่อสร้าง,ค่าควบคุมงานที่มีราคาต่อหน่วยตำกว่า 10 ล้านบาท รวม 8 รายการ (รวม 8 หน่วย),,,ค่าควบคุมงานก่อสร้างอาคารกำจัดขยะ ระยะที่ 1 แขวงปทุมวัน บ น เขตปทุมวัน กรุงเทพมหานคร 1 งาน,2022,"1,800,000.0",True,
155,2022.3.17.155,2022.3.17,51,สภากาชาดไทย,สภากาชาดไทย,False,แผนงานยุทธศาสตร์เสริมสร้างให้คนมีสุขภาวะที่ดี,,โครงการเพิ่มศักยภาพการให้บริการทางด้านสาธารณสุข,งบเงินอุดหนุน,เงินอุดหนุนทั่วไป,ค่าที่ดิน/สิ่ก่อสร้าง,ค่าควบคุมงานที่มีราคาต่อหน่วยตำกว่า 10 ล้านบาท รวม 8 รายการ (รวม 8 หน่วย),,,ค่าควบคุมงานก่อสร้างอาคารกำจัดขยะ ระยะที่ 1 แขวงปทุมวัน บ น เขตปทุมวัน กรุงเทพมหานคร 1 งาน,2023,"600,000.0",True,
156,2022.3.17.156,2022.3.17,51,สภากาชาดไทย,สภากาชาดไทย,False,แผนงานยุทธศาสตร์เสริมสร้างให้คนมีสุขภาวะที่ดี,,โครงการเพิ่มศักยภาพการให้บริการทางด้านสาธารณสุข,งบเงินอุดหนุน,เงินอุดหนุนทั่วไป,ค่าที่ดิน/สิ่ก่อสร้าง,ค่าควบคุมงานที่มีราคาต่อหน่วยตำกว่า 10 ล้านบาท รวม 8 รายการ (รวม 8 หน่วย),,,ค่าควบคุมงานก่อสร้างทางเดินเชื่อม ระยะที่ 3 แขวงปทุมวัน บ น เขตปทุมวัน กรุงเทพมหานคร 1 งาน,2021,"1,063,200.0",True,
157,2022.3.17.157,2022.3.17,51,สภากาชาดไทย,สภากาชาดไทย,False,แผนงานยุทธศาสตร์เสริมสร้างให้คนมีสุขภาวะที่ดี,,โครงการเพิ่มศักยภาพการให้บริการทางด้านสาธารณสุข,งบเงินอุดหนุน,เงินอุดหนุนทั่วไป,ค่าที่ดิน/สิ่ก่อสร้าง,ค่าควบคุมงานที่มีราคาต่อหน่วยตำกว่า 10 ล้านบาท รวม 8 รายการ (รวม 8 หน่วย),,,ค่าควบคุมงานก่อสร้างทางเดินเชื่อม ระยะที่ 3 แขวงปทุมวัน บ น เขตปทุมวัน กรุงเทพมหานคร 1 งาน,2022,0.0,True,
158,2022.3.17.158,2022.3.17,51,สภากาชาดไทย,สภากาชาดไทย,False,แผนงานยุทธศาสตร์เสริมสร้างให้คนมีสุขภาวะที่ดี,,โครงการเพิ่มศักยภาพการให้บริการทางด้านสาธารณสุข,งบเงินอุดหนุน,เงินอุดหนุนทั่วไป,ค่าที่ดิน/สิ่ก่อสร้าง,ค่าควบคุมงานที่มีราคาต่อหน่วยตำกว่า 10 ล้านบาท รวม 8 รายการ (รวม 8 หน่วย),,,ค่าควบคุมงานก่อสร้างทางเดินเชื่อม ระยะที่ 3 แขวงปทุมวัน บ น เขตปทุมวัน กรุงเทพมหานคร 1 งาน,2023,"4,252,800.0",True,
159,2022.3.17.159,2022.3.17,52,สภากาชาดไทย,สภากาชาดไทย,False,แผนงานยุทธศาสตร์เสริมสร้างให้คนมีสุขภาวะที่ดี,,โครงการเพิ่มศักยภาพการให้บริการทางด้านสาธารณสุข,งบเงินอุดหนุน,เงินอุดหนุนทั่วไป,ค่าที่ดิน/สิ่ก่อสร้าง,ค่าควบคุมงานที่มีราคาต่อหน่วยตำกว่า 10 ล้านบาท รวม 8 รายการ (รวม 8 หน่วย),,,ค่าควบคุมงานปรับปรุงห้องผ่าตัดพิเศษอเนกประสงค์ แขวงปทุมวัน เขตปทุมวัน กรุงเทพมหานคร 1 งาน,2022,"624,000.0",True,
160,2022.3.17.160,2022.3.17,52,สภากาชาดไทย,สภากาชาดไทย,False,แผนงานยุทธศาสตร์เสริมสร้างให้คนมีสุขภาวะที่ดี,,โครงการเพิ่มศักยภาพการให้บริการทางด้านสาธารณสุข,งบเงินอุดหนุน,เงินอุดหนุนทั่วไป,ค่าที่ดิน/สิ่ก่อสร้าง,ค่าควบคุมงานที่มีราคาต่อหน่วยตำกว่า 10 ล้านบาท รวม 8 รายการ (รวม 8 หน่วย),,,ค่าควบคุมงานปรับปรุงห้องผ่าตัดพิเศษอเนกประสงค์ แขวงปทุมวัน เขตปทุมวัน กรุงเทพมหานคร 1 งาน,2023,"2,496,000.0",True,
161,2022.3.17.161,2022.3.17,52,สภากาชาดไทย,สภากาชาดไทย,False,แผนงานยุทธศาสตร์เสริมสร้างให้คนมีสุขภาวะที่ดี,,โครงการเพิ่มศักยภาพการให้บริการทางด้านสาธารณสุข,งบเงินอุดหนุน,เงินอุดหนุนทั่วไป,ค่าที่ดิน/สิ่ก่อสร้าง,,,,ค่าควบคุมงานก่อสร้างศูนย์บูรณาการบริการด้านการแพทย์ และสาธารณสุข แขวงปทุมวัน เขตปทุมวัน กรุงเทพมหานคร 1 งาน,2019,"18,400,000.0",True,
162,2022.3.17.162,2022.3.17,52,สภากาชาดไทย,สภากาชาดไทย,False,แผนงานยุทธศาสตร์เสริมสร้างให้คนมีสุขภาวะที่ดี,,โครงการเพิ่มศักยภาพการให้บริการทางด้านสาธารณสุข,งบเงินอุดหนุน,เงินอุดหนุนทั่วไป,ค่าที่ดิน/สิ่ก่อสร้าง,,,,ค่าควบคุมงานก่อสร้างศูนย์บูรณาการบริการด้านการแพทย์ และสาธารณสุข แขวงปทุมวัน เขตปทุมวัน กรุงเทพมหานคร 1 งาน,2020,0.0,True,
163,2022.3.17.163,2022.3.17,52,สภากาชาดไทย,สภากาชาดไทย,False,แผนงานยุทธศาสตร์เสริมสร้างให้คนมีสุขภาวะที่ดี,,โครงการเพิ่มศักยภาพการให้บริการทางด้านสาธารณสุข,งบเงินอุดหนุน,เงินอุดหนุนทั่วไป,ค่าที่ดิน/สิ่ก่อสร้าง,,,,ค่าควบคุมงานก่อสร้างศูนย์บูรณาการบริการด้านการแพทย์ และสาธารณสุข แขวงปทุมวัน เขตปทุมวัน กรุงเทพมหานคร 1 งาน,2021,"16,762,800.0",True,
164,2022.3.17.164,2022.3.17,52,สภากาชาดไทย,สภากาชาดไทย,False,แผนงานยุทธศาสตร์เสริมสร้างให้คนมีสุขภาวะที่ดี,,โครงการเพิ่มศักยภาพการให้บริการทางด้านสาธารณสุข,งบเงินอุดหนุน,เงินอุดหนุนทั่วไป,ค่าที่ดิน/สิ่ก่อสร้าง,,,,ค่าควบคุมงานก่อสร้างศูนย์บูรณาการบริการด้านการแพทย์ และสาธารณสุข แขวงปทุมวัน เขตปทุมวัน กรุงเทพมหานคร 1 งาน,2022,"23,441,800.0",True,
165,2022.3.17.165,2022.3.17,52,สภากาชาดไทย,สภากาชาดไทย,False,แผนงานยุทธศาสตร์เสริมสร้างให้คนมีสุขภาวะที่ดี,,โครงการเพิ่มศักยภาพการให้บริการทางด้านสาธารณสุข,งบเงินอุดหนุน,เงินอุดหนุนทั่วไป,ค่าที่ดิน/สิ่ก่อสร้าง,,,,ค่าควบคุมงานก่อสร้างศูนย์บูรณาการบริการด้านการแพทย์ และสาธารณสุข แขวงปทุมวัน เขตปทุมวัน กรุงเทพมหานคร 1 งาน,2023,"29,795,400.0",True,
166,2022.3.17.166,2022.3.17,52,สภากาชาดไทย,สภากาชาดไทย,False,แผนงานยุทธศาสตร์เสริมสร้างให้คนมีสุขภาวะที่ดี,,โครงการเพิ่มศักยภาพการให้บริการทางด้านสาธารณสุข,งบเงินอุดหนุน,เงินอุดหนุนทั่วไป,ค่าที่ดิน/สิ่ก่อสร้าง,,,,ค่าควบคุมงานปรับปรุงอาคาร สก.ระยะที่ 1 แขวงปทุมวัน เขตปทุมวัน กรุงเทพมหานคร 1 งาน,2019,"3,456,000.0",True,
167,2022.3.17.167,2022.3.17,52,สภากาชาดไทย,สภากาชาดไทย,False,แผนงานยุทธศาสตร์เสริมสร้างให้คนมีสุขภาวะที่ดี,,โครงการเพิ่มศักยภาพการให้บริการทางด้านสาธารณสุข,งบเงินอุดหนุน,เงินอุดหนุนทั่วไป,ค่าที่ดิน/สิ่ก่อสร้าง,,,,ค่าควบคุมงานปรับปรุงอาคาร สก.ระยะที่ 1 แขวงปทุมวัน เขตปทุมวัน กรุงเทพมหานคร 1 งาน,2020,0.0,True,
168,2022.3.17.168,2022.3.17,52,สภากาชาดไทย,สภากาชาดไทย,False,แผนงานยุทธศาสตร์เสริมสร้างให้คนมีสุขภาวะที่ดี,,โครงการเพิ่มศักยภาพการให้บริการทางด้านสาธารณสุข,งบเงินอุดหนุน,เงินอุดหนุนทั่วไป,ค่าที่ดิน/สิ่ก่อสร้าง,,,,ค่าควบคุมงานปรับปรุงอาคาร สก.ระยะที่ 1 แขวงปทุมวัน เขตปทุมวัน กรุงเทพมหานคร 1 งาน,2021,"4,320,000.0",True,
169,2022.3.17.169,2022.3.17,52,สภากาชาดไทย,สภากาชาดไทย,False,แผนงานยุทธศาสตร์เสริมสร้างให้คนมีสุขภาวะที่ดี,,โครงการเพิ่มศักยภาพการให้บริการทางด้านสาธารณสุข,งบเงินอุดหนุน,เงินอุดหนุนทั่วไป,ค่าที่ดิน/สิ่ก่อสร้าง,,,,ค่าควบคุมงานปรับปรุงอาคาร สก.ระยะที่ 1 แขวงปทุมวัน เขตปทุมวัน กรุงเทพมหานคร 1 งาน,2022,"8,224,000.0",True,
170,2022.3.17.170,2022.3.17,52,สภากาชาดไทย,สภากาชาดไทย,False,แผนงานยุทธศาสตร์เสริมสร้างให้คนมีสุขภาวะที่ดี,,โครงการเพิ่มศักยภาพการให้บริการทางด้านสาธารณสุข,งบเงินอุดหนุน,เงินอุดหนุนทั่วไป,ค่าที่ดิน/สิ่ก่อสร้าง,,,,ค่าควบคุมงานปรับปรุงอาคารนวมินทราชินีและอาคารคัคณางค์ ed แขวงปทุมวัน เขตปทุมวัน กรุงเทพมหานคร 1 งาน,2020,"7,040,000.0",True,
171,2022.3.17.171,2022.3.17,52,สภากาชาดไทย,สภากาชาดไทย,False,แผนงานยุทธศาสตร์เสริมสร้างให้คนมีสุขภาวะที่ดี,,โครงการเพิ่มศักยภาพการให้บริการทางด้านสาธารณสุข,งบเงินอุดหนุน,เงินอุดหนุนทั่วไป,ค่าที่ดิน/สิ่ก่อสร้าง,,,,ค่าควบคุมงานปรับปรุงอาคารนวมินทราชินีและอาคารคัคณางค์ ed แขวงปทุมวัน เขตปทุมวัน กรุงเทพมหานคร 1 งาน,2021,0.0,True,
172,2022.3.17.172,2022.3.17,52,สภากาชาดไทย,สภากาชาดไทย,False,แผนงานยุทธศาสตร์เสริมสร้างให้คนมีสุขภาวะที่ดี,,โครงการเพิ่มศักยภาพการให้บริการทางด้านสาธารณสุข,งบเงินอุดหนุน,เงินอุดหนุนทั่วไป,ค่าที่ดิน/สิ่ก่อสร้าง,,,,ค่าควบคุมงานปรับปรุงอาคารนวมินทราชินีและอาคารคัคณางค์ ed แขวงปทุมวัน เขตปทุมวัน กรุงเทพมหานคร 1 งาน,2022,"5,382,200.0",True,
173,2022.3.17.173,2022.3.17,52,สภากาชาดไทย,สภากาชาดไทย,False,แผนงานยุทธศาสตร์เสริมสร้างให้คนมีสุขภาวะที่ดี,,โครงการเพิ่มศักยภาพการให้บริการทางด้านสาธารณสุข,งบเงินอุดหนุน,เงินอุดหนุนทั่วไป,ค่าที่ดิน/สิ่ก่อสร้าง,,,,ค่าควบคุมงานปรับปรุงอาคารนวมินทราชินีและอาคารคัคณางค์ ed แขวงปทุมวัน เขตปทุมวัน กรุงเทพมหานคร 1 งาน,2023,"12,672,000.0",True,
174,2022.3.17.174,2022.3.17,52,สภากาชาดไทย,สภากาชาดไทย,False,แผนงานยุทธศาสตร์เสริมสร้างให้คนมีสุขภาวะที่ดี,,โครงการเพิ่มศักยภาพการให้บริการทางด้านสาธารณสุข,งบเงินอุดหนุน,เงินอุดหนุนทั่วไป,ค่าที่ดิน/สิ่ก่อสร้าง,,,,ค่าควบคุมงานปรับปรุงอาคารนวมินทราชินีและอาคารคัคณางค์ ed แขวงปทุมวัน เขตปทุมวัน กรุงเทพมหานคร 1 งาน,2024,"9,305,800.0",True,
175,2022.3.17.175,2022.3.17,53,สภากาชาดไทย,สภากาชาดไทย,False,แผนงานยุทธศาสตร์เสริมสร้างให้คนมีสุขภาวะที่ดี,,โครงการเพิ่มศักยภาพการให้บริการทางด้านสาธารณสุข,งบเงินอุดหนุน,เงินอุดหนุนทั่วไป,ค่าที่ดิน/สิ่ก่อสร้าง,,,,ค่าควบคุมงานก่อสร้างอาคารศูนย์วิจัยและนวัตกรรมงานบริการ แขวงปทุมวัน เขตปทุมวัน กรุงเทพมหานคร 1 งาน,2020,"11,520,000.0",True,
176,2022.3.17.176,2022.3.17,53,สภากาชาดไทย,สภากาชาดไทย,False,แผนงานยุทธศาสตร์เสริมสร้างให้คนมีสุขภาวะที่ดี,,โครงการเพิ่มศักยภาพการให้บริการทางด้านสาธารณสุข,งบเงินอุดหนุน,เงินอุดหนุนทั่วไป,ค่าที่ดิน/สิ่ก่อสร้าง,,,,ค่าควบคุมงานก่อสร้างอาคารศูนย์วิจัยและนวัตกรรมงานบริการ แขวงปทุมวัน เขตปทุมวัน กรุงเทพมหานคร 1 งาน,2021,"576,000.0",True,
177,2022.3.17.177,2022.3.17,53,สภากาชาดไทย,สภากาชาดไทย,False,แผนงานยุทธศาสตร์เสริมสร้างให้คนมีสุขภาวะที่ดี,,โครงการเพิ่มศักยภาพการให้บริการทางด้านสาธารณสุข,งบเงินอุดหนุน,เงินอุดหนุนทั่วไป,ค่าที่ดิน/สิ่ก่อสร้าง,,,,ค่าควบคุมงานก่อสร้างอาคารศูนย์วิจัยและนวัตกรรมงานบริการ แขวงปทุมวัน เขตปทุมวัน กรุงเทพมหานคร 1 งาน,2022,"13,464,000.0",True,
178,2022.3.17.178,2022.3.17,53,สภากาชาดไทย,สภากาชาดไทย,False,แผนงานยุทธศาสตร์เสริมสร้างให้คนมีสุขภาวะที่ดี,,โครงการเพิ่มศักยภาพการให้บริการทางด้านสาธารณสุข,งบเงินอุดหนุน,เงินอุดหนุนทั่วไป,ค่าที่ดิน/สิ่ก่อสร้าง,,,,ค่าควบคุมงานก่อสร้างอาคารศูนย์วิจัยและนวัตกรรมงานบริการ แขวงปทุมวัน เขตปทุมวัน กรุงเทพมหานคร 1 งาน,2023,"19,880,000.0",True,
179,2022.3.17.179,2022.3.17,53,สภากาชาดไทย,สภากาชาดไทย,False,แผนงานยุทธศาสตร์เสริมสร้างให้คนมีสุขภาวะที่ดี,,โครงการเพิ่มศักยภาพการให้บริการทางด้านสาธารณสุข,งบเงินอุดหนุน,เงินอุดหนุนทั่วไป,ค่าที่ดิน/สิ่ก่อสร้าง,,,,ค่าควบคุมงานปรับปรุงอาคารสิรินธรเพื่อรองรับการจัดตั้ง ศูนย์เตรียมความพร้อมทางการแพทย์ขั้นสูง เพื่อรองรับ สถานการณ์วิกฤตสุขภาพ (CAMP) แขวงปทุมวัน เขตปทุมวัน กรุงเทพมหานคร 1 งาน,2022,"2,160,000.0",True,
180,2022.3.17.180,2022.3.17,53,สภากาชาดไทย,สภากาชาดไทย,False,แผนงานยุทธศาสตร์เสริมสร้างให้คนมีสุขภาวะที่ดี,,โครงการเพิ่มศักยภาพการให้บริการทางด้านสาธารณสุข,งบเงินอุดหนุน,เงินอุดหนุนทั่วไป,ค่าที่ดิน/สิ่ก่อสร้าง,,,,ค่าควบคุมงานปรับปรุงอาคารสิรินธรเพื่อรองรับการจัดตั้ง ศูนย์เตรียมความพร้อมทางการแพทย์ขั้นสูง เพื่อรองรับ สถานการณ์วิกฤตสุขภาพ (CAMP) แขวงปทุมวัน เขตปทุมวัน กรุงเทพมหานคร 1 งาน,2023,"8,640,000.0",True,
181,2022.3.17.181,2022.3.17,53,สภากาชาดไทย,สภากาชาดไทย,False,แผนงานยุทธศาสตร์เสริมสร้างให้คนมีสุขภาวะที่ดี,,โครงการเพิ่มศักยภาพการให้บริการทางด้านสาธารณสุข,งบเงินอุดหนุน,เงินอุดหนุนทั่วไป,ค่าที่ดิน/สิ่ก่อสร้าง,,,,ค่าปรับปรุงสิ่งก่อสร้างอื่นที่มีราคาต่อหน่วยต่ำกว่า 10 ล้านบาท รวม 3 รายการ (รวม 3 หน่วย),2022,"11,669,100",False,
182,2022.3.17.182,2022.3.17,53,สภากาชาดไทย,สภากาชาดไทย,False,แผนงานยุทธศาสตร์เสริมสร้างให้คนมีสุขภาวะที่ดี,,โครงการเพิ่มศักยภาพการให้บริการทางด้านสาธารณสุข,งบเงินอุดหนุน,เงินอุดหนุนทั่วไป,ค่าที่ดิน/สิ่ก่อสร้าง,,,,ปรับปรุงคลินิกผู้ป่วยนอก ระยะที่ 3 แขวงปทุมวัน เขตปทุมวัน กรุงเทพมหานคร 1 งาน,2022,"90,000,000",False,
183,2022.3.17.183,2022.3.17,53,สภากาชาดไทย,สภากาชาดไทย,False,แผนงานยุทธศาสตร์เสริมสร้างให้คนมีสุขภาวะที่ดี,,โครงการเพิ่มศักยภาพการให้บริการทางด้านสาธารณสุข,งบเงินอุดหนุน,เงินอุดหนุนทั่วไป,ค่าที่ดิน/สิ่ก่อสร้าง,,,,ปรับปรุงพื้นที่ศูนย์ความเป็นเลิศด้านผลิตภัณฑ์การแพทย์ชั้นสูง 9C-ATMP ระยะที่ 2 แขวงปทุมวัน เขตปทุมวัน กรุงเทพมหานคร 1 งาน,2022,"22,000,000",False,
184,2022.3.17.184,2022.3.17,53,สภากาชาดไทย,สภากาชาดไทย,False,แผนงานยุทธศาสตร์เสริมสร้างให้คนมีสุขภาวะที่ดี,,โครงการเพิ่มศักยภาพการให้บริการทางด้านสาธารณสุข,งบเงินอุดหนุน,เงินอุดหนุนทั่วไป,ค่าที่ดิน/สิ่ก่อสร้าง,,,,ก่อสร้างถนนและ นและฟื้นสภาพระบบสาธารณูปโภค รองรับอาคารศูนย์บูรณาการบริการด้านการแพทย์และสาธารณสุข แขวงปทุมวัน เขตปทุมวัน กรุงเทพมหานคร 1 งาน,2022,"20,000,000",False,
185,2022.3.17.185,2022.3.17,53,สภากาชาดไทย,สภากาชาดไทย,False,แผนงานยุทธศาสตร์เสริมสร้างให้คนมีสุขภาวะที่ดี,,โครงการเพิ่มศักยภาพการให้บริการทางด้านสาธารณสุข,งบเงินอุดหนุน,เงินอุดหนุนทั่วไป,ค่าที่ดิน/สิ่ก่อสร้าง,,,,จัดทำป้ายภายในอาคารศรีสวรินทิรานุสรณ์ 150 ปี ตำบลศรีราชา อำเภอศรีราชา จังหวัดชลบุรี 1 งาน,2022,"15,591,000",False,
186,2022.3.17.186,2022.3.17,53,สภากาชาดไทย,สภากาชาดไทย,False,แผนงานยุทธศาสตร์เสริมสร้างให้คนมีสุขภาวะที่ดี,,โครงการเพิ่มศักยภาพการให้บริการทางด้านสาธารณสุข,งบเงินอุดหนุน,เงินอุดหนุนทั่วไป,ค่าที่ดิน/สิ่ก่อสร้าง,,,,ปรับปรุงขยายการบริการคลินิกเสริมสร้างภูมิคุ้มกันและอายุรศาสตร์ การท่องเที่ยว แขวงปทุมวัน เขตปทุมวัน กรุงเทพมหานคร 1 งาน,2022,"16,000,000",False,
187,2022.3.17.187,2022.3.17,53,สภากาชาดไทย,สภากาชาดไทย,False,แผนงานยุทธศาสตร์เสริมสร้างให้คนมีสุขภาวะที่ดี,,โครงการเพิ่มศักยภาพการให้บริการทางด้านสาธารณสุข,งบเงินอุดหนุน,เงินอุดหนุนทั่วไป,ค่าที่ดิน/สิ่ก่อสร้าง,,,,ปรับปรุงห้องผ่าตัดพิเศษอเนกประสงค์ แขวงปทุมวัน เขตปทุมวัน บ น กรุงเทพมหานคร 1 งาน,2022,"9,600,000.0",True,
188,2022.3.17.188,2022.3.17,53,สภากาชาดไทย,สภากาชาดไทย,False,แผนงานยุทธศาสตร์เสริมสร้างให้คนมีสุขภาวะที่ดี,,โครงการเพิ่มศักยภาพการให้บริการทางด้านสาธารณสุข,งบเงินอุดหนุน,เงินอุดหนุนทั่วไป,ค่าที่ดิน/สิ่ก่อสร้าง,,,,ปรับปรุงห้องผ่าตัดพิเศษอเนกประสงค์ แขวงปทุมวัน เขตปทุมวัน บ น กรุงเทพมหานคร 1 งาน,2023,"38,400,000.0",True,
189,2022.3.17.189,2022.3.17,54,สภากาชาดไทย,สภากาชาดไทย,False,แผนงานยุทธศาสตร์เสริมสร้างให้คนมีสุขภาวะที่ดี,,โครงการเพิ่มศักยภาพการให้บริการทางด้านสาธารณสุข,งบเงินอุดหนุน,เงินอุดหนุนทั่วไป,ค่าที่ดิน/สิ่ก่อสร้าง,,,,ปรับปรุงอาคารสิรินธรเพื่อรองรับการจัดตั้งศูนย์เตรียมความพร้อม ทางการแพทย์ขั้นสูง เพื่อรองรับสถานการณ์วิกฤตสุขภาพ (CAMP) แขวงปทุมวัน เขตปทุมวัน กรุงเทพมหานคร 1 งาน,2022,"36,000,000.0",True,
190,2022.3.17.190,2022.3.17,54,สภากาชาดไทย,สภากาชาดไทย,False,แผนงานยุทธศาสตร์เสริมสร้างให้คนมีสุขภาวะที่ดี,,โครงการเพิ่มศักยภาพการให้บริการทางด้านสาธารณสุข,งบเงินอุดหนุน,เงินอุดหนุนทั่วไป,ค่าที่ดิน/สิ่ก่อสร้าง,,,,ปรับปรุงอาคารสิรินธรเพื่อรองรับการจัดตั้งศูนย์เตรียมความพร้อม ทางการแพทย์ขั้นสูง เพื่อรองรับสถานการณ์วิกฤตสุขภาพ (CAMP) แขวงปทุมวัน เขตปทุมวัน กรุงเทพมหานคร 1 งาน,2023,"144,000,000.0",True,
191,2022.3.17.191,2022.3.17,54,สภากาชาดไทย,สภากาชาดไทย,False,แผนงานยุทธศาสตร์เสริมสร้างให้คนมีสุขภาวะที่ดี,,โครงการเพิ่มศักยภาพการให้บริการทางด้านสาธารณสุข,งบเงินอุดหนุน,เงินอุดหนุนทั่วไป,ค่าที่ดิน/สิ่ก่อสร้าง,,,,สd ค่าปรับปรุงอาคารสาธารณสุขและสิ่งก่อสร้างประกอบ ที่มีราคาต่อหน่วยตำกว่า 10 ล้านบาท รวม 1 รายการ (รวม 1 หน่วย),2022,"1,500,000",False,
192,2022.3.17.192,2022.3.17,54,สภากาชาดไทย,สภากาชาดไทย,False,แผนงานยุทธศาสตร์เสริมสร้างให้คนมีสุขภาวะที่ดี,,โครงการเพิ่มศักยภาพการให้บริการทางด้านสาธารณสุข,งบเงินอุดหนุน,เงินอุดหนุนทั่วไป,ค่าที่ดิน/สิ่ก่อสร้าง,,,,ปรับปรุงอาคาร สก. ระยะที่ 1 แขวงปทุมวัน เขตปทุมวัน กรุงเทพมหานคร 1 งาน,2019,"57,600,000.0",True,
193,2022.3.17.193,2022.3.17,54,สภากาชาดไทย,สภากาชาดไทย,False,แผนงานยุทธศาสตร์เสริมสร้างให้คนมีสุขภาวะที่ดี,,โครงการเพิ่มศักยภาพการให้บริการทางด้านสาธารณสุข,งบเงินอุดหนุน,เงินอุดหนุนทั่วไป,ค่าที่ดิน/สิ่ก่อสร้าง,,,,ปรับปรุงอาคาร สก. ระยะที่ 1 แขวงปทุมวัน เขตปทุมวัน กรุงเทพมหานคร 1 งาน,2020,0.0,True,
194,2022.3.17.194,2022.3.17,54,สภากาชาดไทย,สภากาชาดไทย,False,แผนงานยุทธศาสตร์เสริมสร้างให้คนมีสุขภาวะที่ดี,,โครงการเพิ่มศักยภาพการให้บริการทางด้านสาธารณสุข,งบเงินอุดหนุน,เงินอุดหนุนทั่วไป,ค่าที่ดิน/สิ่ก่อสร้าง,,,,ปรับปรุงอาคาร สก. ระยะที่ 1 แขวงปทุมวัน เขตปทุมวัน กรุงเทพมหานคร 1 งาน,2021,"48,960,000.0",True,
195,2022.3.17.195,2022.3.17,54,สภากาชาดไทย,สภากาชาดไทย,False,แผนงานยุทธศาสตร์เสริมสร้างให้คนมีสุขภาวะที่ดี,,โครงการเพิ่มศักยภาพการให้บริการทางด้านสาธารณสุข,งบเงินอุดหนุน,เงินอุดหนุนทั่วไป,ค่าที่ดิน/สิ่ก่อสร้าง,,,,ปรับปรุงอาคาร สก. ระยะที่ 1 แขวงปทุมวัน เขตปทุมวัน กรุงเทพมหานคร 1 งาน,2022,"161,440,000.0",True,
196,2022.3.17.196,2022.3.17,54,สภากาชาดไทย,สภากาชาดไทย,False,แผนงานยุทธศาสตร์เสริมสร้างให้คนมีสุขภาวะที่ดี,,โครงการเพิ่มศักยภาพการให้บริการทางด้านสาธารณสุข,งบเงินอุดหนุน,เงินอุดหนุนทั่วไป,ค่าที่ดิน/สิ่ก่อสร้าง,,,,ค่าก่อสร้างอื่นๆที่มีราคาต่อหน่วยต่ำกว่า างอนุ ส่ส 10 ล้านบาท รวม 2 รายการ (รวม 2 หน่วย),2022,"3,615,000",False,
197,2022.3.17.197,2022.3.17,54,สภากาชาดไทย,สภากาชาดไทย,False,แผนงานยุทธศาสตร์เสริมสร้างให้คนมีสุขภาวะที่ดี,,โครงการเพิ่มศักยภาพการให้บริการทางด้านสาธารณสุข,งบเงินอุดหนุน,เงินอุดหนุนทั่วไป,ค่าที่ดิน/สิ่ก่อสร้าง,,,,ก่อสร้างทางเดินเชื่อม ระยะที่ 3 แขวงปทุมวัน เขตปทุมวัน กรุงเทพมหานคร 1 งาน,2021,"26,580,800.0",True,
198,2022.3.17.198,2022.3.17,54,สภากาชาดไทย,สภากาชาดไทย,False,แผนงานยุทธศาสตร์เสริมสร้างให้คนมีสุขภาวะที่ดี,,โครงการเพิ่มศักยภาพการให้บริการทางด้านสาธารณสุข,งบเงินอุดหนุน,เงินอุดหนุนทั่วไป,ค่าที่ดิน/สิ่ก่อสร้าง,,,,ก่อสร้างทางเดินเชื่อม ระยะที่ 3 แขวงปทุมวัน เขตปทุมวัน กรุงเทพมหานคร 1 งาน,2022,0.0,True,
199,2022.3.17.199,2022.3.17,54,สภากาชาดไทย,สภากาชาดไทย,False,แผนงานยุทธศาสตร์เสริมสร้างให้คนมีสุขภาวะที่ดี,,โครงการเพิ่มศักยภาพการให้บริการทางด้านสาธารณสุข,งบเงินอุดหนุน,เงินอุดหนุนทั่วไป,ค่าที่ดิน/สิ่ก่อสร้าง,,,,ก่อสร้างทางเดินเชื่อม ระยะที่ 3 แขวงปทุมวัน เขตปทุมวัน กรุงเทพมหานคร 1 งาน,2023,"106,323,200.0",True,
200,2022.3.17.200,2022.3.17,54,สภากาชาดไทย,สภากาชาดไทย,False,แผนงานยุทธศาสตร์เสริมสร้างให้คนมีสุขภาวะที่ดี,,โครงการเพิ่มศักยภาพการให้บริการทางด้านสาธารณสุข,งบเงินอุดหนุน,เงินอุดหนุนทั่วไป,ค่าที่ดิน/สิ่ก่อสร้าง,,,,ก่อสร้างส่วนต่อขยายท่าเรือพยาบาลฉุกเฉินและพื้นที่พักคอยผู้โดยสาร ตำบลศรีราชา อำเภอศรีราชา จังหวัดชลบุรี 1 งาน,2021,"6,784,000.0",True,
201,2022.3.17.201,2022.3.17,54,สภากาชาดไทย,สภากาชาดไทย,False,แผนงานยุทธศาสตร์เสริมสร้างให้คนมีสุขภาวะที่ดี,,โครงการเพิ่มศักยภาพการให้บริการทางด้านสาธารณสุข,งบเงินอุดหนุน,เงินอุดหนุนทั่วไป,ค่าที่ดิน/สิ่ก่อสร้าง,,,,ก่อสร้างส่วนต่อขยายท่าเรือพยาบาลฉุกเฉินและพื้นที่พักคอยผู้โดยสาร ตำบลศรีราชา อำเภอศรีราชา จังหวัดชลบุรี 1 งาน,2022,"10,169,100.0",True,
202,2022.3.17.202,2022.3.17,54,สภากาชาดไทย,สภากาชาดไทย,False,แผนงานยุทธศาสตร์เสริมสร้างให้คนมีสุขภาวะที่ดี,,โครงการเพิ่มศักยภาพการให้บริการทางด้านสาธารณสุข,งบเงินอุดหนุน,เงินอุดหนุนทั่วไป,ค่าที่ดิน/สิ่ก่อสร้าง,,,,ก่อสร้างส่วนต่อขยายท่าเรือพยาบาลฉุกเฉินและพื้นที่พักคอยผู้โดยสาร ตำบลศรีราชา อำเภอศรีราชา จังหวัดชลบุรี 1 งาน,2023,"16,966,900.0",True,
203,2022.3.17.203,2022.3.17,55,สภากาชาดไทย,สภากาชาดไทย,False,แผนงานยุทธศาสตร์เสริมสร้างให้คนมีสุขภาวะที่ดี,,โครงการเพิ่มศักยภาพการให้บริการทางด้านสาธารณสุข,งบเงินอุดหนุน,เงินอุดหนุนทั่วไป,ค่าที่ดิน/สิ่ก่อสร้าง,,,,ก่อสร้างระบบบูรณาการด้านเทคโนโลยีสารสนเทศการแพทย์ และสาธารณสุข สำหรับอาคารศูนย์บูรณาการบริการด้านการแพทย์ และสาธารณสุข แขวงปทุมวัน เขตปทุมวัน กรุงเทพมหานคร 1 ระบบ,2022,"80,000,000",False,
204,2022.3.17.204,2022.3.17,55,สภากาชาดไทย,สภากาชาดไทย,False,แผนงานยุทธศาสตร์เสริมสร้างให้คนมีสุขภาวะที่ดี,,โครงการเพิ่มศักยภาพการให้บริการทางด้านสาธารณสุข,งบเงินอุดหนุน,เงินอุดหนุนทั่วไป,ค่าที่ดิน/สิ่ก่อสร้าง,,,,ก่อสร้างอาคารบริการสนับสนุนทางการแพทย์ ตำบลศรีราชา อำเภอศรีราชา จังหวัดชลบุรี 1 หลัง,2022,"53,840,000",False,
205,2022.3.17.205,2022.3.17,55,สภากาชาดไทย,สภากาชาดไทย,False,แผนงานยุทธศาสตร์เสริมสร้างให้คนมีสุขภาวะที่ดี,,โครงการเพิ่มศักยภาพการให้บริการทางด้านสาธารณสุข,งบเงินอุดหนุน,เงินอุดหนุนทั่วไป,ค่าที่ดิน/สิ่ก่อสร้าง,,,,ปรับปรุงห้องปฏิบัติการ (ห้องปฏิบัติการชีวนิรภัยระดับ 2) แขวงปทุมวัน เขตปทุมวัน กรุงเทพมหานคร 1 งาน,2022,"30,000,000",False,
206,2022.3.17.206,2022.3.17,55,สภากาชาดไทย,สภากาชาดไทย,False,แผนงานยุทธศาสตร์เสริมสร้างให้คนมีสุขภาวะที่ดี,,โครงการเพิ่มศักยภาพการให้บริการทางด้านสาธารณสุข,งบเงินอุดหนุน,เงินอุดหนุนทั่วไป,,,,,โครงการเครื่องช่วยฟังสภากาชาดไทยเพื่อผู้ด้อยโอกาส,2022,"500,000",False,
207,2022.3.17.207,2022.3.17,55,สภากาชาดไทย,สภากาชาดไทย,False,แผนงานยุทธศาสตร์เสริมสร้างให้คนมีสุขภาวะที่ดี,,โครงการเพิ่มศักยภาพการให้บริการทางด้านสาธารณสุข,งบเงินอุดหนุน,เงินอุดหนุนทั่วไป,,,,,โครงการรณรงค์ป้องกันความพิการแต่กำเนิดด้วยโฟลิกแอซิด,2022,"1,740,000",False,
208,2022.3.17.208,2022.3.17,55,สภากาชาดไทย,สภากาชาดไทย,False,แผนงานยุทธศาสตร์เสริมสร้างให้คนมีสุขภาวะที่ดี,,โครงการเพิ่มศักยภาพการให้บริการทางด้านสาธารณสุข,งบเงินอุดหนุน,เงินอุดหนุนทั่วไป,,,,,โครงการศัลยกรรมตกแต่งแก้ไขปากแหว่งเพดานโหว่,2022,"1,350,000",False,
209,2022.3.17.209,2022.3.17,55,สภากาชาดไทย,สภากาชาดไทย,False,แผนงานยุทธศาสตร์เสริมสร้างให้คนมีสุขภาวะที่ดี,,โครงการเพิ่มศักยภาพการให้บริการทางด้านสาธารณสุข,งบเงินอุดหนุน,เงินอุดหนุนทั่วไป,,,,,โครงการปรับปรุงศักยภาพการผลิตชีววัตถุและผลิตภัณฑ์ทางการแพทย์ และบริการชีววัตถุของสถานเสาวภา สภากาชาดไทย,2022,"23,450,000",False,
210,2022.3.17.210,2022.3.17,58,สภากาชาดไทย,สภากาชาดไทย,False,แผนงานยุทธศาสตร์เสริมสร้างให้คนมีสุขภาวะที่ดี,,โครงการช่วยเหลือผู้ประสบภัยพิบัติ,งบเงินอุดหนุน,เงินอุดหนุนทั่วไป,,,,,ค่าใช้จ่ายดำเนินงาน,2022,"8,763,700",False,
211,2022.3.17.211,2022.3.17,58,สภากาชาดไทย,สภากาชาดไทย,False,แผนงานยุทธศาสตร์เสริมสร้างให้คนมีสุขภาวะที่ดี,,โครงการช่วยเหลือผู้ประสบภัยพิบัติ,งบเงินอุดหนุน,เงินอุดหนุนทั่วไป,ค่าครุภัณฑ์,,,,ครุภัณฑ์ยานพาหนะและขนส่งที่มีราคาต่อหน่วยตำกว่า 1 ล้านบาท รวม 1 รายการ (รวม 1 หน่วย),2022,"101,700",False,
212,2022.3.17.212,2022.3.17,58,สภากาชาดไทย,สภากาชาดไทย,False,แผนงานยุทธศาสตร์เสริมสร้างให้คนมีสุขภาวะที่ดี,,โครงการช่วยเหลือผู้ประสบภัยพิบัติ,งบเงินอุดหนุน,เงินอุดหนุนทั่วไป,ค่าครุภัณฑ์,,,,"รถบรรทุก (ดีเซล) ขนาด 1 ตัน ปริมาตรกระบอกสูบไม่ต่ำกว่า 2,400 ซีซี หรือ กำลังเครื่องยนต์สูงสุดไม่ต่ำกว่า 110 กิโลวัตต์ ขับเคลื่อน 4 ล้อ แบบดับเบิ้ลแค็บพร้อมหลังคาไฟเบอร์กลาส สถานีกาชาดสิรินธร ตำบลหนองหงส์ อำเภอทุ่งสง จังหวัดนครศรีธรรมราช 1 คัน",2022,"1,092,000",False,
213,2022.3.17.213,2022.3.17,58,สภากาชาดไทย,สภากาชาดไทย,False,แผนงานยุทธศาสตร์เสริมสร้างให้คนมีสุขภาวะที่ดี,,โครงการช่วยเหลือผู้ประสบภัยพิบัติ,งบเงินอุดหนุน,เงินอุดหนุนทั่วไป,ค่าครุภัณฑ์,,,,รถครัวสนามเคลื่อนที่ รถบรรทุก 6 ล้อ 2 เพลา กำลังเครื่องยนต์ ไม่ต่ำกว่า 240 แรงม้า ต้อลูมิเนียมครัวสนามพร้อมอุปกรณ์ เครื่องครัว แขวงปทุมวัน เขตปทุมวัน กรุงเทพมหานคร 2 คัน,2022,"9,600,000",False,
214,2022.3.17.214,2022.3.17,58,สภากาชาดไทย,สภากาชาดไทย,False,แผนงานยุทธศาสตร์เสริมสร้างให้คนมีสุขภาวะที่ดี,,โครงการช่วยเหลือผู้ประสบภัยพิบัติ,งบเงินอุดหนุน,เงินอุดหนุนทั่วไป,ค่าครุภัณฑ์,,,,ครุภัณฑ์ไฟฟ้าและวิทยุที่มีราคาต่อหน่วยต่ำกว่า 1 ล้านบาท รวม 4 รายการ (รวม 18 หน่วย),2022,"594,000",False,
215,2022.3.17.215,2022.3.17,58,สภากาชาดไทย,สภากาชาดไทย,False,แผนงานยุทธศาสตร์เสริมสร้างให้คนมีสุขภาวะที่ดี,,โครงการช่วยเหลือผู้ประสบภัยพิบัติ,งบเงินอุดหนุน,เงินอุดหนุนทั่วไป,ค่าที่ดิน/สิ่งก่อสร้าง,,,,ค่าปรับปรุงสิ่งก่อสร้างอื่นที่มีราคาต่อหน่วยต่ำกว่า 10 ล้านบาท รวม 5 รายการ (รวม 5 หน่วย),2022,"18,778,400",False,
216,2022.3.17.216,2022.3.17,58,สภากาชาดไทย,สภากาชาดไทย,False,แผนงานยุทธศาสตร์เสริมสร้างให้คนมีสุขภาวะที่ดี,,โครงการช่วยเหลือผู้ประสบภัยพิบัติ,งบเงินอุดหนุน,เงินอุดหนุนทั่วไป,,,,,โครงการช่วยเหลือผู้ประสบภัยต้วยชุดธารน้ำใจ,2022,"80,000,000",False,
217,2022.3.17.217,2022.3.17,61,สภากาชาดไทย,สภากาชาดไทย,False,แผนงานยุทธศาสตร์เสริมสร้างให้คนมีสุขภาวะที่ดี,,โครงการบริการโลหิต ส่วนประกอบโลหิตและผลิตภัณฑ์ จากพลาสมา มีปริมาณเพียงพอสำหรับผู้ป่วยทั่วประเทศ และมีคุณภาพได้มาตรฐานสากล,งบเงินอุดหนุน,เงินอุดหนุนทั่วไป,,,,,ค่าใช้จ่ายดำเนินงาน,2022,"705,248,300",False,
218,2022.3.17.218,2022.3.17,61,สภากาชาดไทย,สภากาชาดไทย,False,แผนงานยุทธศาสตร์เสริมสร้างให้คนมีสุขภาวะที่ดี,,โครงการบริการโลหิต ส่วนประกอบโลหิตและผลิตภัณฑ์ จากพลาสมา มีปริมาณเพียงพอสำหรับผู้ป่วยทั่วประเทศ และมีคุณภาพได้มาตรฐานสากล,งบเงินอุดหนุน,เงินอุดหนุนทั่วไป,ค่าครุภัณฑ์,,,,ครุภัณฑ์การแพทย์ที่มีราคาต่อหน่วยต่ำกว่า 1 ล้านบาท รวม 6 รายการ (รวม 99 หน่วย),2022,"14,444,900",False,
219,2022.3.17.219,2022.3.17,61,สภากาชาดไทย,สภากาชาดไทย,False,แผนงานยุทธศาสตร์เสริมสร้างให้คนมีสุขภาวะที่ดี,,โครงการบริการโลหิต ส่วนประกอบโลหิตและผลิตภัณฑ์ จากพลาสมา มีปริมาณเพียงพอสำหรับผู้ป่วยทั่วประเทศ และมีคุณภาพได้มาตรฐานสากล,งบเงินอุดหนุน,เงินอุดหนุนทั่วไป,ค่าครุภัณฑ์,,,,เครื่องวิเคราะห์ปริมาณโปรตีน แขวงปทุมวัน เขตปทุมวัน กรุงเทพมหานคร 1 เครื่อง,2022,"3,206,400",False,
220,2022.3.17.220,2022.3.17,61,สภากาชาดไทย,สภากาชาดไทย,False,แผนงานยุทธศาสตร์เสริมสร้างให้คนมีสุขภาวะที่ดี,,โครงการบริการโลหิต ส่วนประกอบโลหิตและผลิตภัณฑ์ จากพลาสมา มีปริมาณเพียงพอสำหรับผู้ป่วยทั่วประเทศ และมีคุณภาพได้มาตรฐานสากล,งบเงินอุดหนุน,เงินอุดหนุนทั่วไป,ค่าครุภัณฑ์,,,,เครื่องวิเคราะห์ปริมาณสารอินทรีย์ในน้ำ แขวงปทุมวัน เขตปทุมวัน กรุงเทพมหานคร 1 เครื่อง,2022,"2,350,000",False,
221,2022.3.17.221,2022.3.17,61,สภากาชาดไทย,สภากาชาดไทย,False,แผนงานยุทธศาสตร์เสริมสร้างให้คนมีสุขภาวะที่ดี,,โครงการบริการโลหิต ส่วนประกอบโลหิตและผลิตภัณฑ์ จากพลาสมา มีปริมาณเพียงพอสำหรับผู้ป่วยทั่วประเทศ และมีคุณภาพได้มาตรฐานสากล,งบเงินอุดหนุน,เงินอุดหนุนทั่วไป,ค่าครุภัณฑ์,,,,เครื่องวิเคราะห์สารโปรตีนด้วยหลักการอิเล็กโตรโฟรีชิส แขวงปทุมวัน เขตปทุมวัน กรุงเทพมหานคร 1 เครื่อง,2022,"3,313,800",False,
222,2022.3.17.222,2022.3.17,61,สภากาชาดไทย,สภากาชาดไทย,False,แผนงานยุทธศาสตร์เสริมสร้างให้คนมีสุขภาวะที่ดี,,โครงการบริการโลหิต ส่วนประกอบโลหิตและผลิตภัณฑ์ จากพลาสมา มีปริมาณเพียงพอสำหรับผู้ป่วยทั่วประเทศ และมีคุณภาพได้มาตรฐานสากล,งบเงินอุดหนุน,เงินอุดหนุนทั่วไป,ค่าครุภัณฑ์,,,,เครื่องบรรจุน้ำยาถุงบรรจุโลหิต พร้อมระบบผลิตไอน้ำบริสุทธิ์ สำหรับการทำให้ปราศจากเชื้อด้วยระบบอัตโนมัติ แขวงปทุมวัน เขตปทุมวัน กรุงเทพมหานคร 1 เครื่อง,2022,"4,498,300",False,
223,2022.3.17.223,2022.3.17,61,สภากาชาดไทย,สภากาชาดไทย,False,แผนงานยุทธศาสตร์เสริมสร้างให้คนมีสุขภาวะที่ดี,,โครงการบริการโลหิต ส่วนประกอบโลหิตและผลิตภัณฑ์ จากพลาสมา มีปริมาณเพียงพอสำหรับผู้ป่วยทั่วประเทศ และมีคุณภาพได้มาตรฐานสากล,งบเงินอุดหนุน,เงินอุดหนุนทั่วไป,ค่าที่ดิน/สิ่งก่อสร้าง,,,,ก่อสร้างภาคบริการโลหิตแห่งชาติเฉลิมพระเกียรติ สมเด็จพระกนิษฐาธิราชเจ้า ฯ จังหวัดเชียงใหม่ ตำบลศรีภูมิ อำเภอเมืองเชียงใหม่ จังหวัดเชียงใหม่ 1 งาน,2022,"18,004,400.0",True,
224,2022.3.17.224,2022.3.17,61,สภากาชาดไทย,สภากาชาดไทย,False,แผนงานยุทธศาสตร์เสริมสร้างให้คนมีสุขภาวะที่ดี,,โครงการบริการโลหิต ส่วนประกอบโลหิตและผลิตภัณฑ์ จากพลาสมา มีปริมาณเพียงพอสำหรับผู้ป่วยทั่วประเทศ และมีคุณภาพได้มาตรฐานสากล,งบเงินอุดหนุน,เงินอุดหนุนทั่วไป,ค่าที่ดิน/สิ่งก่อสร้าง,,,,ก่อสร้างภาคบริการโลหิตแห่งชาติเฉลิมพระเกียรติ สมเด็จพระกนิษฐาธิราชเจ้า ฯ จังหวัดเชียงใหม่ ตำบลศรีภูมิ อำเภอเมืองเชียงใหม่ จังหวัดเชียงใหม่ 1 งาน,2023,"72,017,600.0",True,
225,2022.3.17.225,2022.3.17,62,สภากาชาดไทย,สภากาชาดไทย,False,แผนงานยุทธศาสตร์เสริมสร้างให้คนมีสุขภาวะที่ดี,,โครงการบริการโลหิต ส่วนประกอบโลหิตและผลิตภัณฑ์ จากพลาสมา มีปริมาณเพียงพอสำหรับผู้ป่วยทั่วประเทศ และมีคุณภาพได้มาตรฐานสากล,งบเงินอุดหนุน,เงินอุดหนุนทั่วไป,ค่าที่ดิน/สิ่งก่อสร้าง,,,,ก่อสร้างภาคบริการโลหิตแห่งชาติเฉลิมพระเกียรติ สมเด็จพระกนิษฐาธิราชเจ้า ฯ จังหวัดนครศรีธรรมราช ตำบลปากแพรก อำเภอทุ่งสง จังหวัดนครศรีธรรมราช 1 งาน,2022,"15,602,600.0",True,
226,2022.3.17.226,2022.3.17,62,สภากาชาดไทย,สภากาชาดไทย,False,แผนงานยุทธศาสตร์เสริมสร้างให้คนมีสุขภาวะที่ดี,,โครงการบริการโลหิต ส่วนประกอบโลหิตและผลิตภัณฑ์ จากพลาสมา มีปริมาณเพียงพอสำหรับผู้ป่วยทั่วประเทศ และมีคุณภาพได้มาตรฐานสากล,งบเงินอุดหนุน,เงินอุดหนุนทั่วไป,ค่าที่ดิน/สิ่งก่อสร้าง,,,,ก่อสร้างภาคบริการโลหิตแห่งชาติเฉลิมพระเกียรติ สมเด็จพระกนิษฐาธิราชเจ้า ฯ จังหวัดนครศรีธรรมราช ตำบลปากแพรก อำเภอทุ่งสง จังหวัดนครศรีธรรมราช 1 งาน,2023,"62,410,000.0",True,
227,2022.3.17.227,2022.3.17,62,สภากาชาดไทย,สภากาชาดไทย,False,แผนงานยุทธศาสตร์เสริมสร้างให้คนมีสุขภาวะที่ดี,,โครงการบริการโลหิต ส่วนประกอบโลหิตและผลิตภัณฑ์ จากพลาสมา มีปริมาณเพียงพอสำหรับผู้ป่วยทั่วประเทศ และมีคุณภาพได้มาตรฐานสากล,งบเงินอุดหนุน,เงินอุดหนุนทั่วไป,ค่าที่ดิน/สิ่งก่อสร้าง,ค่าควบคุมงานที่มีราคาต่อหน่วยตำกว่า 10 ล้านบาท รวม 2 รายการ (รวม 2 หน่วย),,,ค่าควบคุมงานก่อสร้างภาคบริการโลหิตแห่งชาติเฉลิมพระเกียรติ สมเด็จพระกนิษฐาธิราชเจ้า ฯ จังหวัดเชียงใหม่ ตำบลศรีภูมิ อำเภอเมืองเชียงใหม่ จังหวัดเชียงใหม่ 1 งาน,2022,"1,170,300.0",True,
228,2022.3.17.228,2022.3.17,62,สภากาชาดไทย,สภากาชาดไทย,False,แผนงานยุทธศาสตร์เสริมสร้างให้คนมีสุขภาวะที่ดี,,โครงการบริการโลหิต ส่วนประกอบโลหิตและผลิตภัณฑ์ จากพลาสมา มีปริมาณเพียงพอสำหรับผู้ป่วยทั่วประเทศ และมีคุณภาพได้มาตรฐานสากล,งบเงินอุดหนุน,เงินอุดหนุนทั่วไป,ค่าที่ดิน/สิ่งก่อสร้าง,ค่าควบคุมงานที่มีราคาต่อหน่วยตำกว่า 10 ล้านบาท รวม 2 รายการ (รวม 2 หน่วย),,,ค่าควบคุมงานก่อสร้างภาคบริการโลหิตแห่งชาติเฉลิมพระเกียรติ สมเด็จพระกนิษฐาธิราชเจ้า ฯ จังหวัดเชียงใหม่ ตำบลศรีภูมิ อำเภอเมืองเชียงใหม่ จังหวัดเชียงใหม่ 1 งาน,2023,"4,681,200.0",True,
229,2022.3.17.229,2022.3.17,62,สภากาชาดไทย,สภากาชาดไทย,False,แผนงานยุทธศาสตร์เสริมสร้างให้คนมีสุขภาวะที่ดี,,โครงการบริการโลหิต ส่วนประกอบโลหิตและผลิตภัณฑ์ จากพลาสมา มีปริมาณเพียงพอสำหรับผู้ป่วยทั่วประเทศ และมีคุณภาพได้มาตรฐานสากล,งบเงินอุดหนุน,เงินอุดหนุนทั่วไป,ค่าที่ดิน/สิ่งก่อสร้าง,ค่าควบคุมงานที่มีราคาต่อหน่วยตำกว่า 10 ล้านบาท รวม 2 รายการ (รวม 2 หน่วย),,,ค่าควบคุมงานก่อสร้างภาคบริการโลหิตแห่งชาติเฉลิมพระเกียรติ สมเด็จพระกนิษฐาธิราชเจ้า ฯ จังหวัดนครศรีธรรมราช ตำบลปากแพรก อำเภอทุ่งสง จังหวัดนครศรีธรรมราช 1 งาน,2022,"1,014,100.0",True,
230,2022.3.17.230,2022.3.17,62,สภากาชาดไทย,สภากาชาดไทย,False,แผนงานยุทธศาสตร์เสริมสร้างให้คนมีสุขภาวะที่ดี,,โครงการบริการโลหิต ส่วนประกอบโลหิตและผลิตภัณฑ์ จากพลาสมา มีปริมาณเพียงพอสำหรับผู้ป่วยทั่วประเทศ และมีคุณภาพได้มาตรฐานสากล,งบเงินอุดหนุน,เงินอุดหนุนทั่วไป,ค่าที่ดิน/สิ่งก่อสร้าง,ค่าควบคุมงานที่มีราคาต่อหน่วยตำกว่า 10 ล้านบาท รวม 2 รายการ (รวม 2 หน่วย),,,ค่าควบคุมงานก่อสร้างภาคบริการโลหิตแห่งชาติเฉลิมพระเกียรติ สมเด็จพระกนิษฐาธิราชเจ้า ฯ จังหวัดนครศรีธรรมราช ตำบลปากแพรก อำเภอทุ่งสง จังหวัดนครศรีธรรมราช 1 งาน,2023,"4,056,400.0",True,
231,2022.3.17.231,2022.3.17,62,สภากาชาดไทย,สภากาชาดไทย,False,แผนงานยุทธศาสตร์เสริมสร้างให้คนมีสุขภาวะที่ดี,,โครงการบริการโลหิต ส่วนประกอบโลหิตและผลิตภัณฑ์ จากพลาสมา มีปริมาณเพียงพอสำหรับผู้ป่วยทั่วประเทศ และมีคุณภาพได้มาตรฐานสากล,งบเงินอุดหนุน,เงินอุดหนุนทั่วไป,ค่าที่ดิน/สิ่งก่อสร้าง,,,,ค่าควบคุมงานก่อสร้างศูนย์ห้องปฏิบัติการอ้างอิงและธนาคารเซลล์ ต้นกำเนิดเม็ดโลหิต แขวงปทุมวัน เขตปทุมวัน กรุงเทพมหานคร 1 งาน,2022,"2,016,000.0",True,
232,2022.3.17.232,2022.3.17,62,สภากาชาดไทย,สภากาชาดไทย,False,แผนงานยุทธศาสตร์เสริมสร้างให้คนมีสุขภาวะที่ดี,,โครงการบริการโลหิต ส่วนประกอบโลหิตและผลิตภัณฑ์ จากพลาสมา มีปริมาณเพียงพอสำหรับผู้ป่วยทั่วประเทศ และมีคุณภาพได้มาตรฐานสากล,งบเงินอุดหนุน,เงินอุดหนุนทั่วไป,ค่าที่ดิน/สิ่งก่อสร้าง,,,,ค่าควบคุมงานก่อสร้างศูนย์ห้องปฏิบัติการอ้างอิงและธนาคารเซลล์ ต้นกำเนิดเม็ดโลหิต แขวงปทุมวัน เขตปทุมวัน กรุงเทพมหานคร 1 งาน,2023,"4,032,000.0",True,
233,2022.3.17.233,2022.3.17,62,สภากาชาดไทย,สภากาชาดไทย,False,แผนงานยุทธศาสตร์เสริมสร้างให้คนมีสุขภาวะที่ดี,,โครงการบริการโลหิต ส่วนประกอบโลหิตและผลิตภัณฑ์ จากพลาสมา มีปริมาณเพียงพอสำหรับผู้ป่วยทั่วประเทศ และมีคุณภาพได้มาตรฐานสากล,งบเงินอุดหนุน,เงินอุดหนุนทั่วไป,ค่าที่ดิน/สิ่งก่อสร้าง,,,,ค่าควบคุมงานก่อสร้างศูนย์ห้องปฏิบัติการอ้างอิงและธนาคารเซลล์ ต้นกำเนิดเม็ดโลหิต แขวงปทุมวัน เขตปทุมวัน กรุงเทพมหานคร 1 งาน,2024,"4,032,000.0",True,
234,2022.3.17.234,2022.3.17,63,สภากาชาดไทย,สภากาชาดไทย,False,แผนงานยุทธศาสตร์เสริมสร้างให้คนมีสุขภาวะที่ดี,,โครงการบริการโลหิต ส่วนประกอบโลหิตและผลิตภัณฑ์ จากพลาสมา มีปริมาณเพียงพอสำหรับผู้ป่วยทั่วประเทศ และมีคุณภาพได้มาตรฐานสากล,งบเงินอุดหนุน,เงินอุดหนุนทั่วไป,ค่าที่ดิน/สิ่งก่อสร้าง,,,,ก่อสร้างศูนย์ห้องปฏิบัติการอ้างอิงและธนาคารเซลล์ต้นกำเนิด 6 บ 0 เม็ดโลหิต แขวงปทุมวัน เขตปทุมวัน กรุงเทพมหานคร 1 หลัง,2022,"33,600,000.0",True,
235,2022.3.17.235,2022.3.17,63,สภากาชาดไทย,สภากาชาดไทย,False,แผนงานยุทธศาสตร์เสริมสร้างให้คนมีสุขภาวะที่ดี,,โครงการบริการโลหิต ส่วนประกอบโลหิตและผลิตภัณฑ์ จากพลาสมา มีปริมาณเพียงพอสำหรับผู้ป่วยทั่วประเทศ และมีคุณภาพได้มาตรฐานสากล,งบเงินอุดหนุน,เงินอุดหนุนทั่วไป,ค่าที่ดิน/สิ่งก่อสร้าง,,,,ก่อสร้างศูนย์ห้องปฏิบัติการอ้างอิงและธนาคารเซลล์ต้นกำเนิด 6 บ 0 เม็ดโลหิต แขวงปทุมวัน เขตปทุมวัน กรุงเทพมหานคร 1 หลัง,2023,"67,200,000.0",True,
236,2022.3.17.236,2022.3.17,63,สภากาชาดไทย,สภากาชาดไทย,False,แผนงานยุทธศาสตร์เสริมสร้างให้คนมีสุขภาวะที่ดี,,โครงการบริการโลหิต ส่วนประกอบโลหิตและผลิตภัณฑ์ จากพลาสมา มีปริมาณเพียงพอสำหรับผู้ป่วยทั่วประเทศ และมีคุณภาพได้มาตรฐานสากล,งบเงินอุดหนุน,เงินอุดหนุนทั่วไป,ค่าที่ดิน/สิ่งก่อสร้าง,,,,ก่อสร้างศูนย์ห้องปฏิบัติการอ้างอิงและธนาคารเซลล์ต้นกำเนิด 6 บ 0 เม็ดโลหิต แขวงปทุมวัน เขตปทุมวัน กรุงเทพมหานคร 1 หลัง,2024,"67,200,000.0",True,
237,2022.3.17.237,2022.3.17,63,สภากาชาดไทย,สภากาชาดไทย,False,แผนงานยุทธศาสตร์เสริมสร้างให้คนมีสุขภาวะที่ดี,,โครงการบริการโลหิต ส่วนประกอบโลหิตและผลิตภัณฑ์ จากพลาสมา มีปริมาณเพียงพอสำหรับผู้ป่วยทั่วประเทศ และมีคุณภาพได้มาตรฐานสากล,งบเงินอุดหนุน,เงินอุดหนุนทั่วไป,,,,,โครงการธนาคารเซลล์ต้นกำเนิดเม็ดโลหิตแห่งชาติ 6 บ,2022,"64,800,000",False,
238,2022.3.17.238,2022.3.17,63,สภากาชาดไทย,สภากาชาดไทย,False,แผนงานยุทธศาสตร์เสริมสร้างให้คนมีสุขภาวะที่ดี,,โครงการบริการโลหิต ส่วนประกอบโลหิตและผลิตภัณฑ์ จากพลาสมา มีปริมาณเพียงพอสำหรับผู้ป่วยทั่วประเทศ และมีคุณภาพได้มาตรฐานสากล,งบเงินอุดหนุน,เงินอุดหนุนทั่วไป,,,,,โครงการควบคุมคุณภาพการปนเปื้อนเชื้อแบคทีเรียในโลหิตที่รับบริจาค,2022,"15,000,000",False,
239,2022.3.17.239,2022.3.17,63,สภากาชาดไทย,สภากาชาดไทย,False,แผนงานยุทธศาสตร์เสริมสร้างให้คนมีสุขภาวะที่ดี,,โครงการบริการโลหิต ส่วนประกอบโลหิตและผลิตภัณฑ์ จากพลาสมา มีปริมาณเพียงพอสำหรับผู้ป่วยทั่วประเทศ และมีคุณภาพได้มาตรฐานสากล,งบเงินอุดหนุน,เงินอุดหนุนทั่วไป,,,,,โครงการเพิ่มศักยภาพการจัดหาโลหิต,2022,"48,600,000",False,
240,2022.3.17.240,2022.3.17,65,สภากาชาดไทย,สภากาชาดไทย,False,แผนงานยุทธศาสตร์เสริมสร้างให้คนมีสุขภาวะที่ดี,,โครงการคุณภาพชีวิตที่ดีขึ้นของผู้สูงอายุ เด็กและเยาวชน ที่ด้อยโอกาสตามต้นแบบของสภากาชาดไทย,งบเงินอุดหนุน,เงินอุดหนุนทั่วไป,,,,,ค่าใช้จ่ายดำเนินงาน,2022,"9,149,000",False,
241,2022.3.17.241,2022.3.17,65,สภากาชาดไทย,สภากาชาดไทย,False,แผนงานยุทธศาสตร์เสริมสร้างให้คนมีสุขภาวะที่ดี,,โครงการคุณภาพชีวิตที่ดีขึ้นของผู้สูงอายุ เด็กและเยาวชน ที่ด้อยโอกาสตามต้นแบบของสภากาชาดไทย,งบเงินอุดหนุน,เงินอุดหนุนทั่วไป,ค่าครุภัณฑ์,,,,ครุภัณฑ์การแพทย์ที่มีราคาต่อหน่วยต่ำกว่า 1 ล้านบาท รวม 3 รายการ (รวม 35 หน่วย),2022,"3,350,400",False,
242,2022.3.17.242,2022.3.17,73,ส่วนราชการในพระองค์,ส่วนราชการในพระองค์,False,แผนงานพื้นฐานด้านความมั่นคง,การดำเนินงานด้านเลขานุการในพระองค์ และการถวายความสะดวกแด่พระมหากษัตริย์ พระบรมวงศ์ และพระอนุวงศ์,,งบเงินอุดหนุน,เงินอุดหนุนทั่วไป,,,,,เงินอุดหนุนค่าใช้จ่ายส่วนราชการในพระองค์,2022,"8,761,390,800",False,
