,ITEM_ID,REF_DOC,REF_PAGE_NO,MINISTRY,BUDGETARY_UNIT,CROSS_FUNC?,BUDGET_PLAN,OUTPUT,PROJECT,CATEGORY_LV1,CATEGORY_LV2,CATEGORY_LV3,CATEGORY_LV4,CATEGORY_LV5,CATEGORY_LV6,ITEM_DESCRIPTION,FISCAL_YEAR,AMOUNT,OBLIGED?
2022.3.17.0,2022.3.17.0,2022.3.17,11,หน่วยงานอน(cid:201)ืของรฐั,สาํนักงานคณะกรรมการการแข่งขันทางการค้า,False,แผนงานบุคลากรภาครัฐ,,,งบเงินอุดหนุน,เงินอุดหนุนทวั(cid:201)ไป,,,,,ค่าใช้จ่ายบุคลากร,2022,78459000.0,False
2022.3.17.1,2022.3.17.1,2022.3.17,14,หน่วยงานอน(cid:201)ืของรฐั,สาํนักงานคณะกรรมการการแข่งขันทางการค้า,False,แผนงานพ(cid:202)นืฐานด้านการปรบัสมดุลและพัฒนาระบบการบริหารจัดการภาครัฐ,201) ี1 :  การบริหารจัดการองคก์รและพัฒนาการกาํกบัดูแลการแข่งขัน  ทางการค้า,,งบเงินอุดหนุน,เงินอุดหนุนทวั(cid:201)ไป,,,,,ค่าใช้จ่ายดาํเนนิงาน,2022,73470700.0,False
2022.3.17.2,2022.3.17.2,2022.3.17,14,หน่วยงานอน(cid:201)ืของรฐั,สาํนักงานคณะกรรมการการแข่งขันทางการค้า,False,แผนงานพ(cid:202)นืฐานด้านการปรบัสมดุลและพัฒนาระบบการบริหารจัดการภาครัฐ,201) ี1 :  การบริหารจัดการองคก์รและพัฒนาการกาํกบัดูแลการแข่งขัน  ทางการค้า,,งบเงินอุดหนุน,เงินอุดหนุนทวั(cid:201)ไป,,,,,ค่าใช้จ่ายลงทุน,2022,2256500.0,False
2022.3.17.3,2022.3.17.3,2022.3.17,14,หน่วยงานอน(cid:201)ืของรฐั,สาํนักงานคณะกรรมการการแข่งขันทางการค้า,False,แผนงานพ(cid:202)นืฐานด้านการปรบัสมดุลและพัฒนาระบบการบริหารจัดการภาครัฐ,201) ี1 :  การบริหารจัดการองคก์รและพัฒนาการกาํกบัดูแลการแข่งขัน  ทางการค้า,,ค่าครุภณัฑ์,,,,,,โครงการเพม(cid:201)ิประสทิธิภาพระบบสารสนเทศด้านกาํกบัดูแลการแข่งขันทางการค้าสาํนกังานคณะกรรมการการแข่งขันทางการค้าแขวงทงุ่สองหอ้งเขตหลกัส (cid:201)ีกรุงเทพมหานคร 1 ระบบ,2022,2256500.0,False
2022.3.17.4,2022.3.17.4,2022.3.17,14,หน่วยงานอน(cid:201)ืของรฐั,สาํนักงานคณะกรรมการการแข่งขันทางการค้า,False,แผนงานพ(cid:202)นืฐานด้านการปรบัสมดุลและพัฒนาระบบการบริหารจัดการภาครัฐ,201) ี1 :  การบริหารจัดการองคก์รและพัฒนาการกาํกบัดูแลการแข่งขัน  ทางการค้า,,ค่าครุภณัฑ์,,,,,,งบรายจ่ายอ(cid:201)นื,2022,4710600.0,False
2022.3.17.5,2022.3.17.5,2022.3.17,14,หน่วยงานอน(cid:201)ืของรฐั,สาํนักงานคณะกรรมการการแข่งขันทางการค้า,False,แผนงานพ(cid:202)นืฐานด้านการปรบัสมดุลและพัฒนาระบบการบริหารจัดการภาครัฐ,201) ี1 :  การบริหารจัดการองคก์รและพัฒนาการกาํกบัดูแลการแข่งขัน  ทางการค้า,,,,,,,,ค่าใช้จ่ายการดาํเนนิงานเป็นค่าจ้างทป(cid:201)ีรกึษา,2022,4710600.0,False
2022.3.17.6,2022.3.17.6,2022.3.17,16,หน่วยงานอน(cid:201)ืของรฐั,สาํนักงานคณะกรรมการการแข่งขันทางการค้า,False,แผนงานยุทธศาสตร์พัฒนากฎหมายและกระบวนการยติุธรรม,201) ี1 :  โครงการกาํกบัดูแลและเสรมิสร้างการแข่งขันทางการค้าท(cid:201)เีสรแีละเป็นธรรม,,งบเงินอุดหนุน,เงินอุดหนุนทวั(cid:201)ไป,,,,,ค่าใช้จ่ายดาํเนนิงาน,2022,1598800.0,False
2022.3.17.7,2022.3.17.7,2022.3.17,16,หน่วยงานอน(cid:201)ืของรฐั,สาํนักงานคณะกรรมการการแข่งขันทางการค้า,False,แผนงานยุทธศาสตร์พัฒนากฎหมายและกระบวนการยติุธรรม,201) ี1 :  โครงการกาํกบัดูแลและเสรมิสร้างการแข่งขันทางการค้าท(cid:201)เีสรแีละเป็นธรรม,,งบเงินอุดหนุน,เงินอุดหนุนทวั(cid:201)ไป,,,,,ค่าครุภณัฑ์,2022,3000000.0,False
2022.3.17.8,2022.3.17.8,2022.3.17,16,หน่วยงานอน(cid:201)ืของรฐั,สาํนักงานคณะกรรมการการแข่งขันทางการค้า,False,แผนงานยุทธศาสตร์พัฒนากฎหมายและกระบวนการยติุธรรม,201) ี1 :  โครงการกาํกบัดูแลและเสรมิสร้างการแข่งขันทางการค้าท(cid:201)เีสรแีละเป็นธรรม,,,,,,,,โครงการจดัหาเคร(cid:201)ืองมอืและโปรแกรมสาํหรบัตรวจวเิคราะหแ์ละพสิูจน์พยานหลกัฐานอเิลก็ทรอนกิส์สาํนกังานคณะกรรมการการแข่งขันทางการค้าแขวงทงุ่สองหอ้งเขตหลกัส (cid:201)ีกรุงเทพมหานคร 1 ระบบ,2022,3000000.0,False
2022.3.17.9,2022.3.17.9,2022.3.17,16,หน่วยงานอน(cid:201)ืของรฐั,สาํนักงานคณะกรรมการการแข่งขันทางการค้า,False,แผนงานยุทธศาสตร์พัฒนากฎหมายและกระบวนการยติุธรรม,201) ี1 :  โครงการกาํกบัดูแลและเสรมิสร้างการแข่งขันทางการค้าท(cid:201)เีสรแีละเป็นธรรม,,,,,,,,งบรายจ่ายอ(cid:201)นื,2022,3081100.0,False
2022.3.17.10,2022.3.17.10,2022.3.17,16,หน่วยงานอน(cid:201)ืของรฐั,สาํนักงานคณะกรรมการการแข่งขันทางการค้า,False,แผนงานยุทธศาสตร์พัฒนากฎหมายและกระบวนการยติุธรรม,201) ี1 :  โครงการกาํกบัดูแลและเสรมิสร้างการแข่งขันทางการค้าท(cid:201)เีสรแีละเป็นธรรม,,,,,,,,ค่าใช้จ่ายการดาํเนนิงานเป็นค่าจ้างทป(cid:201)ีรกึษา,2022,3081100.0,False
2022.3.17.11,2022.3.17.11,2022.3.17,25,หน่วยงานอน(cid:201)ืของรฐั,สาํนักงานสภาเกษตรกรแห่งชาติ,False,แผนงานบุคลากรภาครัฐ,,,งบเงินอุดหนุน,เงินอุดหนุนทวั(cid:201) ไป,,,,,ค่าใช้จ่ายบุคลากร,2022,204367800.0,False
2022.3.17.12,2022.3.17.12,2022.3.17,27,หน่วยงานอน(cid:201)ืของรฐั,สาํนักงานสภาเกษตรกรแห่งชาติ,False,แผนงานพ(cid:202)นืฐานด้านการสร้างโอกาสและความเสมอภาคทางสังคม,201) ี1 :  อาํนวยการและบริหารจัดการด้านงานสภาเกษตรกรแหง่ชาติ,,งบเงินอุดหนุน,เงินอุดหนุนทวั(cid:201) ไป,,,,,ค่าใช้จ่ายดาํเนินงาน,2022,103937300.0,False
2022.3.17.13,2022.3.17.13,2022.3.17,29,หน่วยงานอน(cid:201)ืของรฐั,สาํนักงานสภาเกษตรกรแห่งชาติ,True,แผนงานบูรณาการพัฒนาและสง่เสรมิเศรษฐกิจฐานราก,201) ี1 :  โครงการจดัทาํแผนพัฒนาอาชีพในระดบัตาํบล,,งบเงินอุดหนุน,เงินอุดหนุนทวั(cid:201) ไป,,,,,ค่าใช้จ่ายในการบูรณาการสร้างความเขม้แขง็เกษตรกรเศรษฐกิจฐานรากแบบมสี่วนร่วมดว้ยเครอืข่ายชมุชน,2022,3014700.0,False
2022.3.17.14,2022.3.17.14,2022.3.17,31,หน่วยงานอน(cid:201)ืของรฐั,สาํนักงานสภาเกษตรกรแห่งชาติ,True,แผนงานบูรณาการพัฒนาและสง่เสรมิเศรษฐกิจฐานราก,201) ี2 :  โครงการสง่เสรมิและสร้างทกัษะในการประกอบอาชีพทง(cid:202)ัในและนอกภาคเกษตร,,งบเงินอุดหนุน,เงินอุดหนุนทวั(cid:201) ไป,,,,,ค่าใช้จ่ายในการพัฒนาอาชพีเกษตรกรโดยการปลูกไผ่เชงิเศรษฐกิจ,2022,1070000.0,False
2022.3.17.15,2022.3.17.15,2022.3.17,43,หน่วยงานอน(cid:201)ืของรฐั,สาํนักงานสภาเกษตรกรแห่งชาติ,False,แผนงานยุทธศาสตรเ์สรมิสร้างใหค้นมีสขุภาวะท(cid:201)ดีี,201) ี1 :  โครงการเพ(cid:201)มิศกัยภาพการใหบ้รกิารทางด้านสาธารณสขุ,,งบเงินอุดหนุน,เงินอุดหนุนทวั(cid:201)ไป,,,,,ค่าใช้จ่ายบุคลากร,2022,4104846800.0,False
2022.3.17.16,2022.3.17.16,2022.3.17,43,หน่วยงานอน(cid:201)ืของรฐั,สาํนักงานสภาเกษตรกรแห่งชาติ,False,แผนงานยุทธศาสตรเ์สรมิสร้างใหค้นมีสขุภาวะท(cid:201)ดีี,201) ี1 :  โครงการเพ(cid:201)มิศกัยภาพการใหบ้รกิารทางด้านสาธารณสขุ,,งบเงินอุดหนุน,เงินอุดหนุนทวั(cid:201)ไป,,,,,ค่าใช้จ่ายดาํเนนิงาน,2022,1013792800.0,False
2022.3.17.17,2022.3.17.17,2022.3.17,43,หน่วยงานอน(cid:201)ืของรฐั,สาํนักงานสภาเกษตรกรแห่งชาติ,False,แผนงานยุทธศาสตรเ์สรมิสร้างใหค้นมีสขุภาวะท(cid:201)ดีี,201) ี1 :  โครงการเพ(cid:201)มิศกัยภาพการใหบ้รกิารทางด้านสาธารณสขุ,,งบเงินอุดหนุน,เงินอุดหนุนทวั(cid:201)ไป,,,,,ค่าครุภณัฑ์,2022,1078562600.0,False
2022.3.17.18,2022.3.17.18,2022.3.17,43,หน่วยงานอน(cid:201)ืของรฐั,สาํนักงานสภาเกษตรกรแห่งชาติ,False,แผนงานยุทธศาสตรเ์สรมิสร้างใหค้นมีสขุภาวะท(cid:201)ดีี,201) ี1 :  โครงการเพ(cid:201)มิศกัยภาพการใหบ้รกิารทางด้านสาธารณสขุ,,,,,,,,ระบบบริหารจัดการควบคมุเข้า-ออกในอาคารจอดรถอาคารศรสีวรนิทริานุสรณ์ 150 ปีตาํบลศรรีาชาอาํเภอศรรีาชาจงัหวดัชลบรุ  ี 1 ระบบ,2022,11740000.0,False
2022.3.17.19,2022.3.17.19,2022.3.17,43,หน่วยงานอน(cid:201)ืของรฐั,สาํนักงานสภาเกษตรกรแห่งชาติ,False,แผนงานยุทธศาสตรเ์สรมิสร้างใหค้นมีสขุภาวะท(cid:201)ดีี,201) ี1 :  โครงการเพ(cid:201)มิศกัยภาพการใหบ้รกิารทางด้านสาธารณสขุ,,,,,,,,เคร(cid:201)ืองปิดผนกึซองสาํหรบับรรจเุคร(cid:201)ืองมอืพรอ้มระบบสุญญากาศแขวงปทมุวนั  เขตปทมุวนั  กรุงเทพมหานคร 1 เคร(cid:201)ือง,2022,1658500.0,False
2022.3.17.20,2022.3.17.20,2022.3.17,43,หน่วยงานอน(cid:201)ืของรฐั,สาํนักงานสภาเกษตรกรแห่งชาติ,False,แผนงานยุทธศาสตรเ์สรมิสร้างใหค้นมีสขุภาวะท(cid:201)ดีี,201) ี1 :  โครงการเพ(cid:201)มิศกัยภาพการใหบ้รกิารทางด้านสาธารณสขุ,,,,,,,,เคร(cid:201)ืองตดิฉลากพรอ้มพมิพร์ายละเอียดผลติภณัฑ์แขวงปทมุวนัเขตปทมุวนั  กรุงเทพมหานคร 1 เคร(cid:201)ือง,2022,1840400.0,False
2022.3.17.21,2022.3.17.21,2022.3.17,43,หน่วยงานอน(cid:201)ืของรฐั,สาํนักงานสภาเกษตรกรแห่งชาติ,False,แผนงานยุทธศาสตรเ์สรมิสร้างใหค้นมีสขุภาวะท(cid:201)ดีี,201) ี1 :  โครงการเพ(cid:201)มิศกัยภาพการใหบ้รกิารทางด้านสาธารณสขุ,,,,,,,,ครุภณัฑย์านพาหนะและขนส่งทม(cid:201)ีรีาคาต่อหน่วยตาํ(cid:201)กว่า  1 ล้านบาทรวม 1 รายการ (รวม 5 หน่วย),2022,250000.0,False
2022.3.17.22,2022.3.17.22,2022.3.17,43,หน่วยงานอน(cid:201)ืของรฐั,สาํนักงานสภาเกษตรกรแห่งชาติ,False,แผนงานยุทธศาสตรเ์สรมิสร้างใหค้นมีสขุภาวะท(cid:201)ดีี,201) ี1 :  โครงการเพ(cid:201)มิศกัยภาพการใหบ้รกิารทางด้านสาธารณสขุ,,,,,,,,รถพยาบาลพรอ้มอุปกรณ์ช่วยชีวติชนั(cid:202) สูงตาํบลศรรีาชาอาํเภอศรรีาชาจงัหวดัชลบรุ  ี 1 คนั,2022,2500000.0,False
2022.3.17.23,2022.3.17.23,2022.3.17,43,หน่วยงานอน(cid:201)ืของรฐั,สาํนักงานสภาเกษตรกรแห่งชาติ,False,แผนงานยุทธศาสตรเ์สรมิสร้างใหค้นมีสขุภาวะท(cid:201)ดีี,201) ี1 :  โครงการเพ(cid:201)มิศกัยภาพการใหบ้รกิารทางด้านสาธารณสขุ,,,,,,,,"รถโดยสารขนาด 12 ทน(cid:201)ีงั(cid:201) (ดเีซล) ปรมิาตรกระบอกสูบไมต่าํ(cid:201)กว่า2,400 ซซี  ีหรอืกาํลงัเคร(cid:201)ืองยนตส์ูงสุดไมต่าํ(cid:201)กว่า  90 กิโลวตัต์ตาํบลศรรีาชาอาํเภอศรรีาชาจงัหวดัชลบรุ  ี 1 คนั",2022,1358000.0,False
2022.3.17.24,2022.3.17.24,2022.3.17,43,หน่วยงานอน(cid:201)ืของรฐั,สาํนักงานสภาเกษตรกรแห่งชาติ,False,แผนงานยุทธศาสตรเ์สรมิสร้างใหค้นมีสขุภาวะท(cid:201)ดีี,201) ี1 :  โครงการเพ(cid:201)มิศกัยภาพการใหบ้รกิารทางด้านสาธารณสขุ,,,,,,,,"รถโดยสารขนาด 12 ทน(cid:201)ีงั(cid:201) (ดเีซล) ปรมิาตรกระบอกสูบไมต่าํ(cid:201)กว่า2,755 ซซี  ีหรอืกาํลงัเคร(cid:201)ืองยนตส์ูงสุดไมต่าํ(cid:201)กว่า  90 กิโลวตัต์แขวงปทมุวนั  เขตปทมุวนั  กรุงเทพมหานคร 2 คนั",2022,2900000.0,False
2022.3.17.25,2022.3.17.25,2022.3.17,43,หน่วยงานอน(cid:201)ืของรฐั,สาํนักงานสภาเกษตรกรแห่งชาติ,False,แผนงานยุทธศาสตรเ์สรมิสร้างใหค้นมีสขุภาวะท(cid:201)ดีี,201) ี1 :  โครงการเพ(cid:201)มิศกัยภาพการใหบ้รกิารทางด้านสาธารณสขุ,,,,,,,,ครุภณัฑค์อมพวิเตอรท์ม(cid:201)ีรีาคาต่อหน่วยตาํ(cid:201)กว่า  1 ล้านบาทรวม 4 รายการ (รวม 12 หน่วย),2022,540000.0,False
2022.3.17.26,2022.3.17.26,2022.3.17,43,หน่วยงานอน(cid:201)ืของรฐั,สาํนักงานสภาเกษตรกรแห่งชาติ,False,แผนงานยุทธศาสตรเ์สรมิสร้างใหค้นมีสขุภาวะท(cid:201)ดีี,201) ี1 :  โครงการเพ(cid:201)มิศกัยภาพการใหบ้รกิารทางด้านสาธารณสขุ,,,,,,,,ระบบจัดการและสาํรองขอ้มลู  (SAN Storage) ตาํบลท้ายบ้านอาํเภอเมอืงสมทุรปราการจงัหวดัสมทุรปราการ 1 ระบบ,2022,2800000.0,False
2022.3.17.27,2022.3.17.27,2022.3.17,43,หน่วยงานอน(cid:201)ืของรฐั,สาํนักงานสภาเกษตรกรแห่งชาติ,False,แผนงานยุทธศาสตรเ์สรมิสร้างใหค้นมีสขุภาวะท(cid:201)ดีี,201) ี1 :  โครงการเพ(cid:201)มิศกัยภาพการใหบ้รกิารทางด้านสาธารณสขุ,,,,,,,,ระบบ Kiosk เพอ(cid:201)ืการบริการลงทะเบยีนรบับตัรควิ  การนดัหมายและการชาํระค่าบริการตาํบลศรรีาชาอาํเภอศรรีาชาจงัหวดัชลบรุ  ี1 ระบบ,2022,8000000.0,False
2022.3.17.28,2022.3.17.28,2022.3.17,43,หน่วยงานอน(cid:201)ืของรฐั,สาํนักงานสภาเกษตรกรแห่งชาติ,False,แผนงานยุทธศาสตรเ์สรมิสร้างใหค้นมีสขุภาวะท(cid:201)ดีี,201) ี1 :  โครงการเพ(cid:201)มิศกัยภาพการใหบ้รกิารทางด้านสาธารณสขุ,,,,,,,,ระบบ Mobile เพอ(cid:201)ืการรกัษาพยาบาลผูป้่วยในตาํบลศรรีาชาอาํเภอศรรีาชาจงัหวดัชลบรุ  ี 1 ระบบ,2022,15000000.0,False
2022.3.17.29,2022.3.17.29,2022.3.17,44,หน่วยงานอน(cid:201)ืของรฐั,สาํนักงานสภาเกษตรกรแห่งชาติ,False,แผนงานยุทธศาสตรเ์สรมิสร้างใหค้นมีสขุภาวะท(cid:201)ดีี,201) ี1 :  โครงการเพ(cid:201)มิศกัยภาพการใหบ้รกิารทางด้านสาธารณสขุ,,,,,,,,ระบบ Telemedicine เพอ(cid:201)ืการรกัษาพยาบาลตาํบลศรรีาชาอาํเภอศรรีาชาจงัหวดัชลบรุ  ี 1 ระบบ,2022,5000000.0,False
2022.3.17.30,2022.3.17.30,2022.3.17,44,หน่วยงานอน(cid:201)ืของรฐั,สาํนักงานสภาเกษตรกรแห่งชาติ,False,แผนงานยุทธศาสตรเ์สรมิสร้างใหค้นมีสขุภาวะท(cid:201)ดีี,201) ี1 :  โครงการเพ(cid:201)มิศกัยภาพการใหบ้รกิารทางด้านสาธารณสขุ,,,,,,,,เคร(cid:201)ืองคอมพวิเตอรแ์มข่่ายพรอ้มอุปกรณ์คอมพวิเตอรท์ดแทนสาํหรบัใชง้านระบบโรงพยาบาลแขวงปทมุวนั  เขตปทมุวนักรุงเทพมหานคร 1 ระบบ,2022,40000000.0,False
2022.3.17.31,2022.3.17.31,2022.3.17,44,หน่วยงานอน(cid:201)ืของรฐั,สาํนักงานสภาเกษตรกรแห่งชาติ,False,แผนงานยุทธศาสตรเ์สรมิสร้างใหค้นมีสขุภาวะท(cid:201)ดีี,201) ี1 :  โครงการเพ(cid:201)มิศกัยภาพการใหบ้รกิารทางด้านสาธารณสขุ,,,,,,,,ระบบสายสญัญาณ Fiber Optic แขวงปทมุวนั  เขตปทมุวนักรุงเทพมหานคร 1 ระบบ,2022,16600000.0,False
2022.3.17.32,2022.3.17.32,2022.3.17,44,หน่วยงานอน(cid:201)ืของรฐั,สาํนักงานสภาเกษตรกรแห่งชาติ,False,แผนงานยุทธศาสตรเ์สรมิสร้างใหค้นมีสขุภาวะท(cid:201)ดีี,201) ี1 :  โครงการเพ(cid:201)มิศกัยภาพการใหบ้รกิารทางด้านสาธารณสขุ,,,,,,,,ระบบเครอืข่ายคอมพวิเตอรส์าํหรบัใชง้านสารสนเทศอาคารศูนยบ์ูรณาการบริการทางการแพทยแ์ละสาธารณสุข(Extended OPD) แขวงปทมุวนั  เขตปทมุวนักรุงเทพมหานคร 1 ระบบ,2022,68248500.0,False
2022.3.17.33,2022.3.17.33,2022.3.17,44,หน่วยงานอน(cid:201)ืของรฐั,สาํนักงานสภาเกษตรกรแห่งชาติ,False,แผนงานยุทธศาสตรเ์สรมิสร้างใหค้นมีสขุภาวะท(cid:201)ดีี,201) ี1 :  โครงการเพ(cid:201)มิศกัยภาพการใหบ้รกิารทางด้านสาธารณสขุ,,,,,,,,ระบบเครอืข่ายคอมพวิเตอรไ์รส้ายสาํหรบัใชง้านสารสนเทศอาคารศูนยบ์ูรณาการบริการทางการแพทยแ์ละสาธารณสุข(Extended OPD) แขวงปทมุวนั  เขตปทมุวนักรุงเทพมหานคร 1 ระบบ,2022,9760400.0,False
2022.3.17.34,2022.3.17.34,2022.3.17,44,หน่วยงานอน(cid:201)ืของรฐั,สาํนักงานสภาเกษตรกรแห่งชาติ,False,แผนงานยุทธศาสตรเ์สรมิสร้างใหค้นมีสขุภาวะท(cid:201)ดีี,201) ี1 :  โครงการเพ(cid:201)มิศกัยภาพการใหบ้รกิารทางด้านสาธารณสขุ,,,,,,,,ระบบเครอืข่ายคอมพวิเตอรส์าํหรบัใชง้านสารสนเทศอาคารศูนยว์จิยัและนวตักรรมงานบริการแขวงปทมุวนัเขตปทมุวนั  กรุงเทพมหานคร 1 ระบบ,2022,41150200.0,False
2022.3.17.35,2022.3.17.35,2022.3.17,44,หน่วยงานอน(cid:201)ืของรฐั,สาํนักงานสภาเกษตรกรแห่งชาติ,False,แผนงานยุทธศาสตรเ์สรมิสร้างใหค้นมีสขุภาวะท(cid:201)ดีี,201) ี1 :  โครงการเพ(cid:201)มิศกัยภาพการใหบ้รกิารทางด้านสาธารณสขุ,,,,,,,,ระบบเครอืข่ายคอมพวิเตอรไ์รส้ายสาํหรบัใชง้านสารสนเทศอาคารศูนยว์จิยัและนวตักรรมงานบริการแขวงปทมุวนัเขตปทมุวนั  กรุงเทพมหานคร 1 ระบบ,2022,15266800.0,False
2022.3.17.36,2022.3.17.36,2022.3.17,44,หน่วยงานอน(cid:201)ืของรฐั,สาํนักงานสภาเกษตรกรแห่งชาติ,False,แผนงานยุทธศาสตรเ์สรมิสร้างใหค้นมีสขุภาวะท(cid:201)ดีี,201) ี1 :  โครงการเพ(cid:201)มิศกัยภาพการใหบ้รกิารทางด้านสาธารณสขุ,,,,,,,,ระบบเครอืข่ายคอมพวิเตอรส์าํหรบัใชง้านสารสนเทศอาคารชีวานามยั  แขวงปทมุวนั  เขตปทมุวนั  กรุงเทพมหานคร1 ระบบ,2022,15143300.0,False
2022.3.17.37,2022.3.17.37,2022.3.17,44,หน่วยงานอน(cid:201)ืของรฐั,สาํนักงานสภาเกษตรกรแห่งชาติ,False,แผนงานยุทธศาสตรเ์สรมิสร้างใหค้นมีสขุภาวะท(cid:201)ดีี,201) ี1 :  โครงการเพ(cid:201)มิศกัยภาพการใหบ้รกิารทางด้านสาธารณสขุ,,,,,,,,ระบบเครอืข่ายคอมพวิเตอรไ์รส้ายสาํหรบัใชง้านสารสนเทศอาคารชีวานามยั  แขวงปทมุวนั  เขตปทมุวนั  กรุงเทพมหานคร1 ระบบ,2022,1208700.0,False
2022.3.17.38,2022.3.17.38,2022.3.17,44,หน่วยงานอน(cid:201)ืของรฐั,สาํนักงานสภาเกษตรกรแห่งชาติ,False,แผนงานยุทธศาสตรเ์สรมิสร้างใหค้นมีสขุภาวะท(cid:201)ดีี,201) ี1 :  โครงการเพ(cid:201)มิศกัยภาพการใหบ้รกิารทางด้านสาธารณสขุ,,,,,,,,"ครุภณัฑก์ารแพทยท์ม(cid:201)ีรีาคาต่อหน่วยตาํ(cid:201)กว่า  1 ล้านบาทรวม 130 รายการ (รวม 1,461 หน่วย)",2022,94751200.0,False
2022.3.17.39,2022.3.17.39,2022.3.17,44,หน่วยงานอน(cid:201)ืของรฐั,สาํนักงานสภาเกษตรกรแห่งชาติ,False,แผนงานยุทธศาสตรเ์สรมิสร้างใหค้นมีสขุภาวะท(cid:201)ดีี,201) ี1 :  โครงการเพ(cid:201)มิศกัยภาพการใหบ้รกิารทางด้านสาธารณสขุ,,,,,,,,เคร(cid:201)ืองตรวจอวยัวะภายในดว้ยคลน(cid:201)ืเสยีงความถส(cid:201)ีูงตาํบลศรรีาชาอาํเภอศรรีาชาจงัหวดัชลบรุ  ี 2 เคร(cid:201)ือง,2022,3600000.0,False
2022.3.17.40,2022.3.17.40,2022.3.17,44,หน่วยงานอน(cid:201)ืของรฐั,สาํนักงานสภาเกษตรกรแห่งชาติ,False,แผนงานยุทธศาสตรเ์สรมิสร้างใหค้นมีสขุภาวะท(cid:201)ดีี,201) ี1 :  โครงการเพ(cid:201)มิศกัยภาพการใหบ้รกิารทางด้านสาธารณสขุ,,,,,,,,ชุดเคร(cid:201)ืองมอืผ่าตดัดว้ยระบบคลน(cid:201)ืเสยีงความถส(cid:201)ีูงพรอ้มระบบดูดแขวงปทมุวนั  เขตปทมุวนั  กรุงเทพมหานคร 1 ชุด,2022,4800000.0,False
2022.3.17.41,2022.3.17.41,2022.3.17,44,หน่วยงานอน(cid:201)ืของรฐั,สาํนักงานสภาเกษตรกรแห่งชาติ,False,แผนงานยุทธศาสตรเ์สรมิสร้างใหค้นมีสขุภาวะท(cid:201)ดีี,201) ี1 :  โครงการเพ(cid:201)มิศกัยภาพการใหบ้รกิารทางด้านสาธารณสขุ,,,,,,,,กลอ้งส่องตรวจกระเพาะอาหารชนดิความละเอียดสูงแขวงปทมุวนั  เขตปทมุวนั  กรุงเทพมหานคร 2 กลอ้ง,2022,4400000.0,False
2022.3.17.42,2022.3.17.42,2022.3.17,44,หน่วยงานอน(cid:201)ืของรฐั,สาํนักงานสภาเกษตรกรแห่งชาติ,False,แผนงานยุทธศาสตรเ์สรมิสร้างใหค้นมีสขุภาวะท(cid:201)ดีี,201) ี1 :  โครงการเพ(cid:201)มิศกัยภาพการใหบ้รกิารทางด้านสาธารณสขุ,,,,,,,,เคร(cid:201)ืองวเิคราะหภ์าพตดัขวางของลูกตาส่วนหน้าแขวงปทมุวนั  เขตปทมุวนั  กรุงเทพมหานคร 1 เคร(cid:201)ือง,2022,5900000.0,False
2022.3.17.43,2022.3.17.43,2022.3.17,44,หน่วยงานอน(cid:201)ืของรฐั,สาํนักงานสภาเกษตรกรแห่งชาติ,False,แผนงานยุทธศาสตรเ์สรมิสร้างใหค้นมีสขุภาวะท(cid:201)ดีี,201) ี1 :  โครงการเพ(cid:201)มิศกัยภาพการใหบ้รกิารทางด้านสาธารณสขุ,,,,,,,,ชุดสว่านเจาะกระดูกชนดิเปลย(cid:201)ีนหวัต่อได้ตาํบลศรรีาชาอาํเภอศรรีาชาจงัหวดัชลบรุ  ี 1 ชุด,2022,2050000.0,False
2022.3.17.44,2022.3.17.44,2022.3.17,45,หน่วยงานอน(cid:201)ืของรฐั,สาํนักงานสภาเกษตรกรแห่งชาติ,False,แผนงานยุทธศาสตรเ์สรมิสร้างใหค้นมีสขุภาวะท(cid:201)ดีี,201) ี1 :  โครงการเพ(cid:201)มิศกัยภาพการใหบ้รกิารทางด้านสาธารณสขุ,,,,,,,,เคร(cid:201)ืองตรวจหวัใจดว้ยคลน(cid:201)ืเสยีงความถส(cid:201)ีูง (Echocardiography)ตาํบลศรรีาชาอาํเภอศรรีาชาจงัหวดัชลบรุ  ี 1 เคร(cid:201)ือง,2022,4000000.0,False
2022.3.17.45,2022.3.17.45,2022.3.17,45,หน่วยงานอน(cid:201)ืของรฐั,สาํนักงานสภาเกษตรกรแห่งชาติ,False,แผนงานยุทธศาสตรเ์สรมิสร้างใหค้นมีสขุภาวะท(cid:201)ดีี,201) ี1 :  โครงการเพ(cid:201)มิศกัยภาพการใหบ้รกิารทางด้านสาธารณสขุ,,,,,,,,เคร(cid:201)ืองตรวจอวยัวะภายในดว้ยคลน(cid:201)ืเสยีงความถส(cid:201)ีูงระดบัความคมชดัสูง 3 หวัตรวจตาํบลศรรีาชาอาํเภอศรรีาชาจงัหวดัชลบรุ  ี 1 เคร(cid:201)ือง,2022,1950000.0,False
2022.3.17.46,2022.3.17.46,2022.3.17,45,หน่วยงานอน(cid:201)ืของรฐั,สาํนักงานสภาเกษตรกรแห่งชาติ,False,แผนงานยุทธศาสตรเ์สรมิสร้างใหค้นมีสขุภาวะท(cid:201)ดีี,201) ี1 :  โครงการเพ(cid:201)มิศกัยภาพการใหบ้รกิารทางด้านสาธารณสขุ,,,,,,,,เคร(cid:201)ืองช่วยหายใจชนดิควบคมุความดนั -ปรมิาตรและระบบช่วยหายใจดว้ยออกซเิจนความเร็วสูง  พรอ้มชุดวดัคารบ์อนไดรอ์อกไซด์จากลมหายใจออกตาํบลศรรีาชาอาํเภอศรรีาชาจงัหวดัชลบรุ  ี 1 เคร(cid:201)ือง,2022,1350000.0,False
2022.3.17.47,2022.3.17.47,2022.3.17,45,หน่วยงานอน(cid:201)ืของรฐั,สาํนักงานสภาเกษตรกรแห่งชาติ,False,แผนงานยุทธศาสตรเ์สรมิสร้างใหค้นมีสขุภาวะท(cid:201)ดีี,201) ี1 :  โครงการเพ(cid:201)มิศกัยภาพการใหบ้รกิารทางด้านสาธารณสขุ,,,,,,,,ชุดปฎบิตักิารแสดงผลและควบคมุตดิตามสญัญาณชีพ(Central Monitor 1 เคร(cid:201)ือง+ Bedside monitor 9 เคร(cid:201)ือง)ตาํบลศรรีาชาอาํเภอศรรีาชาจงัหวดัชลบรุ  ี 1 ชุด,2022,10000000.0,False
2022.3.17.48,2022.3.17.48,2022.3.17,45,หน่วยงานอน(cid:201)ืของรฐั,สาํนักงานสภาเกษตรกรแห่งชาติ,False,แผนงานยุทธศาสตรเ์สรมิสร้างใหค้นมีสขุภาวะท(cid:201)ดีี,201) ี1 :  โครงการเพ(cid:201)มิศกัยภาพการใหบ้รกิารทางด้านสาธารณสขุ,,,,,,,,เคร(cid:201)ืองเอกซเรยฟ์ลูโอโรสโคปเคลอ(cid:201)ืนทแ(cid:201)ีบบซอีารม์ชุดรบัภาพชนดิแฟลตพาแนลตาํบลศรรีาชาอาํเภอศรรีาชาจงัหวดัชลบรุ  ี 1 ชุด,2022,9270000.0,False
2022.3.17.49,2022.3.17.49,2022.3.17,45,หน่วยงานอน(cid:201)ืของรฐั,สาํนักงานสภาเกษตรกรแห่งชาติ,False,แผนงานยุทธศาสตรเ์สรมิสร้างใหค้นมีสขุภาวะท(cid:201)ดีี,201) ี1 :  โครงการเพ(cid:201)มิศกัยภาพการใหบ้รกิารทางด้านสาธารณสขุ,,,,,,,,เตยีงผ่าตดัหวัใจและหลอดเลอืดชนดิเอกซเรยผ์่านได้360 องศาตาํบลศรรีาชาอาํเภอศรรีาชาจงัหวดัชลบรุ  ี 1 เตยีง,2022,8000000.0,False
2022.3.17.50,2022.3.17.50,2022.3.17,45,หน่วยงานอน(cid:201)ืของรฐั,สาํนักงานสภาเกษตรกรแห่งชาติ,False,แผนงานยุทธศาสตรเ์สรมิสร้างใหค้นมีสขุภาวะท(cid:201)ดีี,201) ี1 :  โครงการเพ(cid:201)มิศกัยภาพการใหบ้รกิารทางด้านสาธารณสขุ,,,,,,,,ชุดปฎบิตักิารแสดงผลและควบคมุตดิตามสญัญาณชีพ(Central Monitor 1 เคร(cid:201)ือง + Bedside monitor 12 เคร(cid:201)ือง)ตาํบลศรรีาชาอาํเภอศรรีาชาจงัหวดัชลบรุ  ี 1 ชุด,2022,7350000.0,False
2022.3.17.51,2022.3.17.51,2022.3.17,45,หน่วยงานอน(cid:201)ืของรฐั,สาํนักงานสภาเกษตรกรแห่งชาติ,False,แผนงานยุทธศาสตรเ์สรมิสร้างใหค้นมีสขุภาวะท(cid:201)ดีี,201) ี1 :  โครงการเพ(cid:201)มิศกัยภาพการใหบ้รกิารทางด้านสาธารณสขุ,,,,,,,,เคร(cid:201)ืองตรวจหวัใจดว้ยคลน(cid:201)ืเสยีงความถส(cid:201)ีูงพรอ้มหวัตรวจหวัใจทางหลอดอาหารผูใ้หญ่ตาํบลศรรีาชาอาํเภอศรรีาชาจงัหวดัชลบรุ  ี 1 เคร(cid:201)ือง,2022,6500000.0,False
2022.3.17.52,2022.3.17.52,2022.3.17,45,หน่วยงานอน(cid:201)ืของรฐั,สาํนักงานสภาเกษตรกรแห่งชาติ,False,แผนงานยุทธศาสตรเ์สรมิสร้างใหค้นมีสขุภาวะท(cid:201)ดีี,201) ี1 :  โครงการเพ(cid:201)มิศกัยภาพการใหบ้รกิารทางด้านสาธารณสขุ,,,,,,,,เคร(cid:201)ืองตรวจอวยัวะภายในดว้ยคลน(cid:201)ืเสยีงความถส(cid:201)ีูง(สาํหรบังานรงัสรี่วมรกัษา) ตาํบลศรรีาชาอาํเภอศรรีาชาจงัหวดัชลบรุ  ี 1 เคร(cid:201)ือง,2022,6500000.0,False
2022.3.17.53,2022.3.17.53,2022.3.17,45,หน่วยงานอน(cid:201)ืของรฐั,สาํนักงานสภาเกษตรกรแห่งชาติ,False,แผนงานยุทธศาสตรเ์สรมิสร้างใหค้นมีสขุภาวะท(cid:201)ดีี,201) ี1 :  โครงการเพ(cid:201)มิศกัยภาพการใหบ้รกิารทางด้านสาธารณสขุ,,,,,,,,เคร(cid:201)ืองเอกซเรยฟ์ลูโอโรสโคปเคลอ(cid:201)ืนทแ(cid:201)ีบบซอีารม์ตาํบลศรรีาชาอาํเภอศรรีาชาจงัหวดัชลบรุ  ี 1 เคร(cid:201)ือง,2022,6000000.0,False
2022.3.17.54,2022.3.17.54,2022.3.17,45,หน่วยงานอน(cid:201)ืของรฐั,สาํนักงานสภาเกษตรกรแห่งชาติ,False,แผนงานยุทธศาสตรเ์สรมิสร้างใหค้นมีสขุภาวะท(cid:201)ดีี,201) ี1 :  โครงการเพ(cid:201)มิศกัยภาพการใหบ้รกิารทางด้านสาธารณสขุ,,,,,,,,เคร(cid:201)ืองตรวจอวยัวะภายในดว้ยคลน(cid:201)ืเสยีงความถส(cid:201)ีูงประสทิธิภาพสูง(สาํหรบังานรงัสวีนิจิฉยั ) ตาํบลศรรีาชาอาํเภอศรรีาชาจงัหวดัชลบรุ  ี 1 เคร(cid:201)ือง,2022,5000000.0,False
2022.3.17.55,2022.3.17.55,2022.3.17,45,หน่วยงานอน(cid:201)ืของรฐั,สาํนักงานสภาเกษตรกรแห่งชาติ,False,แผนงานยุทธศาสตรเ์สรมิสร้างใหค้นมีสขุภาวะท(cid:201)ดีี,201) ี1 :  โครงการเพ(cid:201)มิศกัยภาพการใหบ้รกิารทางด้านสาธารณสขุ,,,,,,,,เคร(cid:201)ืองช่วยพยุงการทาํงานของหวัใจชนดิเคลอ(cid:201)ืนย้ายได้ตาํบลศรรีาชาอาํเภอศรรีาชาจงัหวดัชลบรุ  ี 4 เคร(cid:201)ือง,2022,14800000.0,False
2022.3.17.56,2022.3.17.56,2022.3.17,45,หน่วยงานอน(cid:201)ืของรฐั,สาํนักงานสภาเกษตรกรแห่งชาติ,False,แผนงานยุทธศาสตรเ์สรมิสร้างใหค้นมีสขุภาวะท(cid:201)ดีี,201) ี1 :  โครงการเพ(cid:201)มิศกัยภาพการใหบ้รกิารทางด้านสาธารณสขุ,,,,,,,,ชุดอุปกรณ์พยุงและเคลอ(cid:201)ืนย้ายผูป้่วยระบบรางตาํบลศรรีาชาอาํเภอศรรีาชาจงัหวดัชลบรุ  ี 1 ชุด,2022,3500000.0,False
2022.3.17.57,2022.3.17.57,2022.3.17,45,หน่วยงานอน(cid:201)ืของรฐั,สาํนักงานสภาเกษตรกรแห่งชาติ,False,แผนงานยุทธศาสตรเ์สรมิสร้างใหค้นมีสขุภาวะท(cid:201)ดีี,201) ี1 :  โครงการเพ(cid:201)มิศกัยภาพการใหบ้รกิารทางด้านสาธารณสขุ,,,,,,,,เคร(cid:201)ืองตรวจอวยัวะภายในดว้ยคลน(cid:201)ืความถส(cid:201)ีูงพรอ้มเคร(cid:201)ืองพมิพภ์าพอลัตราซาวด์ชนดิขาวดาํตาํบลศรรีาชาอาํเภอศรรีาชาจงัหวดัชลบรุ  ี 1 เคร(cid:201)ือง,2022,3000000.0,False
2022.3.17.58,2022.3.17.58,2022.3.17,45,หน่วยงานอน(cid:201)ืของรฐั,สาํนักงานสภาเกษตรกรแห่งชาติ,False,แผนงานยุทธศาสตรเ์สรมิสร้างใหค้นมีสขุภาวะท(cid:201)ดีี,201) ี1 :  โครงการเพ(cid:201)มิศกัยภาพการใหบ้รกิารทางด้านสาธารณสขุ,,,,,,,,ระบบบริหารจัดการสง(cid:201)ิส่งตรวจอตัโนมตั  ิตาํบลศรรีาชาอาํเภอศรรีาชาจงัหวดัชลบรุ  ี 1 ระบบ,2022,2996000.0,False
2022.3.17.59,2022.3.17.59,2022.3.17,46,หน่วยงานอน(cid:201)ืของรฐั,สาํนักงานสภาเกษตรกรแห่งชาติ,False,แผนงานยุทธศาสตรเ์สรมิสร้างใหค้นมีสขุภาวะท(cid:201)ดีี,201) ี1 :  โครงการเพ(cid:201)มิศกัยภาพการใหบ้รกิารทางด้านสาธารณสขุ,,,,,,,,เคร(cid:201)ืองตดัและกรอกระดูกโดยใชค้ลน(cid:201)ืเสยีงความถส(cid:201)ีูงตาํบลศรรีาชาอาํเภอศรรีาชาจงัหวดัชลบรุ  ี 1 เคร(cid:201)ือง,2022,2200000.0,False
2022.3.17.60,2022.3.17.60,2022.3.17,46,หน่วยงานอน(cid:201)ืของรฐั,สาํนักงานสภาเกษตรกรแห่งชาติ,False,แผนงานยุทธศาสตรเ์สรมิสร้างใหค้นมีสขุภาวะท(cid:201)ดีี,201) ี1 :  โครงการเพ(cid:201)มิศกัยภาพการใหบ้รกิารทางด้านสาธารณสขุ,,,,,,,,ชุดเคร(cid:201)ืองมอืผ่าตดัศลัยกรรมทรวงอกศลัยกรรมหวัใจและหลอดเลอืดตาํบลศรรีาชาอาํเภอศรรีาชาจงัหวดัชลบรุ  ี 1 ชุด,2022,2100000.0,False
2022.3.17.61,2022.3.17.61,2022.3.17,46,หน่วยงานอน(cid:201)ืของรฐั,สาํนักงานสภาเกษตรกรแห่งชาติ,False,แผนงานยุทธศาสตรเ์สรมิสร้างใหค้นมีสขุภาวะท(cid:201)ดีี,201) ี1 :  โครงการเพ(cid:201)มิศกัยภาพการใหบ้รกิารทางด้านสาธารณสขุ,,,,,,,,ชุดเคร(cid:201)ืองจ(cid:202)ีห้ามเลอืดตดัเน(cid:202)อืเยอ(cid:201)ืและเช(cid:201)ือมปิดหลอดเลอืดดว้ยไฟฟ้าและคลน(cid:201)ือลัตราโซนคิ  ตาํบลศรรีาชาอาํเภอศรรีาชาจงัหวดัชลบรุ  ี 1 ชุด,2022,2000000.0,False
2022.3.17.62,2022.3.17.62,2022.3.17,46,หน่วยงานอน(cid:201)ืของรฐั,สาํนักงานสภาเกษตรกรแห่งชาติ,False,แผนงานยุทธศาสตรเ์สรมิสร้างใหค้นมีสขุภาวะท(cid:201)ดีี,201) ี1 :  โครงการเพ(cid:201)มิศกัยภาพการใหบ้รกิารทางด้านสาธารณสขุ,,,,,,,,เคร(cid:201)ืองตดิตามระบบพลศาสตรก์ารไหลเวยีนในร่างกายผูป้่วยอย่างต่อเน(cid:201)อืงพรอ้มภาควดัปรมิาณออกซเิจนในสมองชนดิ  Fully-Less Invasive with Cerebral Oximetryตาํบลศรรีาชาอาํเภอศรรีาชาจงัหวดัชลบรุ  ี 2 เคร(cid:201)ือง,2022,3900000.0,False
2022.3.17.63,2022.3.17.63,2022.3.17,46,หน่วยงานอน(cid:201)ืของรฐั,สาํนักงานสภาเกษตรกรแห่งชาติ,False,แผนงานยุทธศาสตรเ์สรมิสร้างใหค้นมีสขุภาวะท(cid:201)ดีี,201) ี1 :  โครงการเพ(cid:201)มิศกัยภาพการใหบ้รกิารทางด้านสาธารณสขุ,,,,,,,,ชุดเคร(cid:201)ืองมอืเจาะและตดักระดูกขนาดเลก็โดยใชพ้ลงังานไฟฟ้าตาํบลศรรีาชาอาํเภอศรรีาชาจงัหวดัชลบรุ  ี 1 ชุด,2022,1800000.0,False
2022.3.17.64,2022.3.17.64,2022.3.17,46,หน่วยงานอน(cid:201)ืของรฐั,สาํนักงานสภาเกษตรกรแห่งชาติ,False,แผนงานยุทธศาสตรเ์สรมิสร้างใหค้นมีสขุภาวะท(cid:201)ดีี,201) ี1 :  โครงการเพ(cid:201)มิศกัยภาพการใหบ้รกิารทางด้านสาธารณสขุ,,,,,,,,เคร(cid:201)ืองเฝ้าตดิตามประสทิธิภาพการทาํงานของเสน้ประสาทขณะผ่าตดัแบบ 4 ช่องสญัญาณตาํบลศรรีาชาอาํเภอศรรีาชาจงัหวดัชลบรุ  ี 1 เคร(cid:201)ือง,2022,1550000.0,False
2022.3.17.65,2022.3.17.65,2022.3.17,46,หน่วยงานอน(cid:201)ืของรฐั,สาํนักงานสภาเกษตรกรแห่งชาติ,False,แผนงานยุทธศาสตรเ์สรมิสร้างใหค้นมีสขุภาวะท(cid:201)ดีี,201) ี1 :  โครงการเพ(cid:201)มิศกัยภาพการใหบ้รกิารทางด้านสาธารณสขุ,,,,,,,,ชุดเคร(cid:201)ืองจ(cid:202)ีและตดัดว้ยคลน(cid:201)ืวทิยุความถส(cid:201)ีูงชนดิ  2 ความถ (cid:201)ีพรอ้มเคร(cid:201)ืองดูดควนั  ตาํบลศรรีาชาอาํเภอศรรีาชาจงัหวดัชลบรุ  ี 1 ชุด,2022,1500000.0,False
2022.3.17.66,2022.3.17.66,2022.3.17,46,หน่วยงานอน(cid:201)ืของรฐั,สาํนักงานสภาเกษตรกรแห่งชาติ,False,แผนงานยุทธศาสตรเ์สรมิสร้างใหค้นมีสขุภาวะท(cid:201)ดีี,201) ี1 :  โครงการเพ(cid:201)มิศกัยภาพการใหบ้รกิารทางด้านสาธารณสขุ,,,,,,,,ชุดหวักลอ้งรบัสญัญาณภาพสาํหรบัส่องตรวจและผ่าตดัตาํบลศรรีาชาอาํเภอศรรีาชาจงัหวดัชลบรุ  ี 2 ชุด,2022,2973600.0,False
2022.3.17.67,2022.3.17.67,2022.3.17,46,หน่วยงานอน(cid:201)ืของรฐั,สาํนักงานสภาเกษตรกรแห่งชาติ,False,แผนงานยุทธศาสตรเ์สรมิสร้างใหค้นมีสขุภาวะท(cid:201)ดีี,201) ี1 :  โครงการเพ(cid:201)มิศกัยภาพการใหบ้รกิารทางด้านสาธารณสขุ,,,,,,,,กลอ้งส่องตรวจช่องปอดและหลอดลมขนาดเลก็ระบบวดิทีศัน์ตาํบลศรรีาชาอาํเภอศรรีาชาจงัหวดัชลบรุ  ี 1 กลอ้ง,2022,1370000.0,False
2022.3.17.68,2022.3.17.68,2022.3.17,46,หน่วยงานอน(cid:201)ืของรฐั,สาํนักงานสภาเกษตรกรแห่งชาติ,False,แผนงานยุทธศาสตรเ์สรมิสร้างใหค้นมีสขุภาวะท(cid:201)ดีี,201) ี1 :  โครงการเพ(cid:201)มิศกัยภาพการใหบ้รกิารทางด้านสาธารณสขุ,,,,,,,,เคร(cid:201)ืองใหก้ารรกัษาดว้ยแสงเลเซอรก์าํลงัสูงตาํบลศรรีาชาอาํเภอศรรีาชาจงัหวดัชลบรุ  ี 1 เคร(cid:201)ือง,2022,1200000.0,False
2022.3.17.69,2022.3.17.69,2022.3.17,46,หน่วยงานอน(cid:201)ืของรฐั,สาํนักงานสภาเกษตรกรแห่งชาติ,False,แผนงานยุทธศาสตรเ์สรมิสร้างใหค้นมีสขุภาวะท(cid:201)ดีี,201) ี1 :  โครงการเพ(cid:201)มิศกัยภาพการใหบ้รกิารทางด้านสาธารณสขุ,,,,,,,,ชุดเคร(cid:201)ืองมอืผ่าตดัปอดผ่านกลอ้งตาํบลศรรีาชาอาํเภอศรรีาชาจงัหวดัชลบรุ  ี 1 ชุด,2022,1150000.0,False
2022.3.17.70,2022.3.17.70,2022.3.17,46,หน่วยงานอน(cid:201)ืของรฐั,สาํนักงานสภาเกษตรกรแห่งชาติ,False,แผนงานยุทธศาสตรเ์สรมิสร้างใหค้นมีสขุภาวะท(cid:201)ดีี,201) ี1 :  โครงการเพ(cid:201)มิศกัยภาพการใหบ้รกิารทางด้านสาธารณสขุ,,,,,,,,กลอ้งส่องตรวจทางเดนิหายใจชนดิไฟเบอรพ์รอ้มอุปกรณ์แสดงผลทจ(cid:201)ีอภาพในตวั  ตาํบลศรรีาชาอาํเภอศรรีาชาจงัหวดัชลบรุ  ี 1 กลอ้ง,2022,1000000.0,False
2022.3.17.71,2022.3.17.71,2022.3.17,46,หน่วยงานอน(cid:201)ืของรฐั,สาํนักงานสภาเกษตรกรแห่งชาติ,False,แผนงานยุทธศาสตรเ์สรมิสร้างใหค้นมีสขุภาวะท(cid:201)ดีี,201) ี1 :  โครงการเพ(cid:201)มิศกัยภาพการใหบ้รกิารทางด้านสาธารณสขุ,,,,,,,,เคร(cid:201)ืองวดัเลนสแ์กว้ตาเทยีมแบบไมส่มัผสัลูกตาชนดิเลเซอร์พรอ้มถ่ายภาพตดัขวางลูกตา  แขวงปทมุวนั  เขตปทมุวนักรุงเทพมหานคร 1 เคร(cid:201)ือง,2022,2700000.0,False
2022.3.17.72,2022.3.17.72,2022.3.17,46,หน่วยงานอน(cid:201)ืของรฐั,สาํนักงานสภาเกษตรกรแห่งชาติ,False,แผนงานยุทธศาสตรเ์สรมิสร้างใหค้นมีสขุภาวะท(cid:201)ดีี,201) ี1 :  โครงการเพ(cid:201)มิศกัยภาพการใหบ้รกิารทางด้านสาธารณสขุ,,,,,,,,เคร(cid:201)ืองน(cid:201)งึฆ่าเช(cid:202)ือดว้ยแรงดนัไอนาํ(cid:202)ระบบอตัโนมตั  ิ 160 ลติรสถานกีาชาดหวัหนิเฉลมิพระเกียรติตาํบลหวัหนิ  อาํเภอหวัหนิจงัหวดัประจวบครีขีนัธ์1 เคร(cid:201)ือง,2022,2000000.0,False
2022.3.17.73,2022.3.17.73,2022.3.17,46,หน่วยงานอน(cid:201)ืของรฐั,สาํนักงานสภาเกษตรกรแห่งชาติ,False,แผนงานยุทธศาสตรเ์สรมิสร้างใหค้นมีสขุภาวะท(cid:201)ดีี,201) ี1 :  โครงการเพ(cid:201)มิศกัยภาพการใหบ้รกิารทางด้านสาธารณสขุ,,,,,,,,ชุดเคร(cid:201)ืองเร่งอนุภาคแบบอุโมงคพ์รอ้มระบบภาพนาํวถิ  ีแขวงปทมุวนั  เขตปทมุวนั  กรุงเทพมหานคร 1 ชุด,2022,145000000.0,False
2022.3.17.74,2022.3.17.74,2022.3.17,46,หน่วยงานอน(cid:201)ืของรฐั,สาํนักงานสภาเกษตรกรแห่งชาติ,False,แผนงานยุทธศาสตรเ์สรมิสร้างใหค้นมีสขุภาวะท(cid:201)ดีี,201) ี1 :  โครงการเพ(cid:201)มิศกัยภาพการใหบ้รกิารทางด้านสาธารณสขุ,,,,,,,,เคร(cid:201)ืองถ่ายภาพรงัสแีกมมาชนดิ  12 หวัวดั  พรอ้มระบบเอกซเรย์คอมพวิเตอรค์วามเร็วสูงแขวงปทมุวนั  เขตปทมุวนักรุงเทพมหานคร 1 เคร(cid:201)ือง,2022,58000000.0,False
2022.3.17.75,2022.3.17.75,2022.3.17,47,หน่วยงานอน(cid:201)ืของรฐั,สาํนักงานสภาเกษตรกรแห่งชาติ,False,แผนงานยุทธศาสตรเ์สรมิสร้างใหค้นมีสขุภาวะท(cid:201)ดีี,201) ี1 :  โครงการเพ(cid:201)มิศกัยภาพการใหบ้รกิารทางด้านสาธารณสขุ,,,,,,,,เคร(cid:201)ืองเอกซเรยห์ลอดเลอืดระบบดจิติอลชนดิระนาบเดย(cid:201)ีวแขวงปทมุวนั  เขตปทมุวนั  กรุงเทพมหานคร 1 ระบบ,2022,42000000.0,False
2022.3.17.76,2022.3.17.76,2022.3.17,47,หน่วยงานอน(cid:201)ืของรฐั,สาํนักงานสภาเกษตรกรแห่งชาติ,False,แผนงานยุทธศาสตรเ์สรมิสร้างใหค้นมีสขุภาวะท(cid:201)ดีี,201) ี1 :  โครงการเพ(cid:201)มิศกัยภาพการใหบ้รกิารทางด้านสาธารณสขุ,,,,,,,,เคร(cid:201)ืองถ่ายภาพรงัสแีกมมาชนดิ  2 หวัวดั  พรอ้มระบบเอกซเรย์คอมพวิเตอรค์วามเร็วสูง  แขวงปทมุวนั  เขตปทมุวนักรุงเทพมหานคร 1 เคร(cid:201)ือง,2022,40000000.0,False
2022.3.17.77,2022.3.17.77,2022.3.17,47,หน่วยงานอน(cid:201)ืของรฐั,สาํนักงานสภาเกษตรกรแห่งชาติ,False,แผนงานยุทธศาสตรเ์สรมิสร้างใหค้นมีสขุภาวะท(cid:201)ดีี,201) ี1 :  โครงการเพ(cid:201)มิศกัยภาพการใหบ้รกิารทางด้านสาธารณสขุ,,,,,,,,เคร(cid:201)ืองเอกซเรยฟ์ลูออโรสโคปีระบบดจิติอลแขวงปทมุวนั  เขตปทมุวนั  กรุงเทพมหานคร 1 เคร(cid:201)ือง,2022,22000000.0,False
2022.3.17.78,2022.3.17.78,2022.3.17,47,หน่วยงานอน(cid:201)ืของรฐั,สาํนักงานสภาเกษตรกรแห่งชาติ,False,แผนงานยุทธศาสตรเ์สรมิสร้างใหค้นมีสขุภาวะท(cid:201)ดีี,201) ี1 :  โครงการเพ(cid:201)มิศกัยภาพการใหบ้รกิารทางด้านสาธารณสขุ,,,,,,,,กลอ้งผ่าตดัจลุศลัยกรรมแขวงปทมุวนั  เขตปทมุวนักรุงเทพมหานคร 1 เคร(cid:201)ือง,2022,8900000.0,False
2022.3.17.79,2022.3.17.79,2022.3.17,47,หน่วยงานอน(cid:201)ืของรฐั,สาํนักงานสภาเกษตรกรแห่งชาติ,False,แผนงานยุทธศาสตรเ์สรมิสร้างใหค้นมีสขุภาวะท(cid:201)ดีี,201) ี1 :  โครงการเพ(cid:201)มิศกัยภาพการใหบ้รกิารทางด้านสาธารณสขุ,,,,,,,,เคร(cid:201)ืองตรวจอวยัวะภายในดว้ยคลน(cid:201)ืเสยีงความถส(cid:201)ีูงชนดิสีสาํหรบัวนิจิฉยัโรคเต้านม  แขวงปทมุวนั  เขตปทมุวนักรุงเทพมหานคร 1 เคร(cid:201)ือง,2022,8000000.0,False
2022.3.17.80,2022.3.17.80,2022.3.17,47,หน่วยงานอน(cid:201)ืของรฐั,สาํนักงานสภาเกษตรกรแห่งชาติ,False,แผนงานยุทธศาสตรเ์สรมิสร้างใหค้นมีสขุภาวะท(cid:201)ดีี,201) ี1 :  โครงการเพ(cid:201)มิศกัยภาพการใหบ้รกิารทางด้านสาธารณสขุ,,,,,,,,เคร(cid:201)ืองตรวจอวยัวะภายในดว้ยคลน(cid:201)ืเสยีงความถส(cid:201)ีูงชนดิสีสาํหรบังานบริการฉุกเฉิน  แขวงปทมุวนั  เขตปทมุวนักรุงเทพมหานคร 1 เคร(cid:201)ือง,2022,7000000.0,False
2022.3.17.81,2022.3.17.81,2022.3.17,47,หน่วยงานอน(cid:201)ืของรฐั,สาํนักงานสภาเกษตรกรแห่งชาติ,False,แผนงานยุทธศาสตรเ์สรมิสร้างใหค้นมีสขุภาวะท(cid:201)ดีี,201) ี1 :  โครงการเพ(cid:201)มิศกัยภาพการใหบ้รกิารทางด้านสาธารณสขุ,,,,,,,,เคร(cid:201)ืองตรวจอวยัวะภายในดว้ยคลน(cid:201)ืเสยีงความถส(cid:201)ีูงชนดิสีสาํหรบัรงัสรี่วมรกัษา  แขวงปทมุวนั  เขตปทมุวนักรุงเทพมหานคร 1 เคร(cid:201)ือง,2022,7000000.0,False
2022.3.17.82,2022.3.17.82,2022.3.17,47,หน่วยงานอน(cid:201)ืของรฐั,สาํนักงานสภาเกษตรกรแห่งชาติ,False,แผนงานยุทธศาสตรเ์สรมิสร้างใหค้นมีสขุภาวะท(cid:201)ดีี,201) ี1 :  โครงการเพ(cid:201)มิศกัยภาพการใหบ้รกิารทางด้านสาธารณสขุ,,,,,,,,เคร(cid:201)ืองกระตนุ้สมองดว้ยคลน(cid:201)ืแมเ่หลก็ไฟฟ้าแขวงปทมุวนั  เขตปทมุวนั  กรุงเทพมหานคร 1 ชุด,2022,6500000.0,False
2022.3.17.83,2022.3.17.83,2022.3.17,47,หน่วยงานอน(cid:201)ืของรฐั,สาํนักงานสภาเกษตรกรแห่งชาติ,False,แผนงานยุทธศาสตรเ์สรมิสร้างใหค้นมีสขุภาวะท(cid:201)ดีี,201) ี1 :  โครงการเพ(cid:201)มิศกัยภาพการใหบ้รกิารทางด้านสาธารณสขุ,,,,,,,,ชุดผ่าตดัผ่านกลอ้งระบบ 4Kแขวงปทมุวนั  เขตปทมุวนั  กรุงเทพมหานคร 1 ชุด,2022,6395000.0,False
2022.3.17.84,2022.3.17.84,2022.3.17,47,หน่วยงานอน(cid:201)ืของรฐั,สาํนักงานสภาเกษตรกรแห่งชาติ,False,แผนงานยุทธศาสตรเ์สรมิสร้างใหค้นมีสขุภาวะท(cid:201)ดีี,201) ี1 :  โครงการเพ(cid:201)มิศกัยภาพการใหบ้รกิารทางด้านสาธารณสขุ,,,,,,,,ชุดประมวลสญัญาณภาพระบบวดิทีศันพ์รอ้มจอแสดงภาพชนดิความละเอียดสูง  แขวงปทมุวนั  เขตปทมุวนักรุงเทพมหานคร 1 ชุด,2022,4990000.0,False
2022.3.17.85,2022.3.17.85,2022.3.17,47,หน่วยงานอน(cid:201)ืของรฐั,สาํนักงานสภาเกษตรกรแห่งชาติ,False,แผนงานยุทธศาสตรเ์สรมิสร้างใหค้นมีสขุภาวะท(cid:201)ดีี,201) ี1 :  โครงการเพ(cid:201)มิศกัยภาพการใหบ้รกิารทางด้านสาธารณสขุ,,,,,,,,ชุดประมวลสญัญาณภาพระบบวดิทีศัน์แขวงปทมุวนั  เขตปทมุวนั  กรุงเทพมหานคร 1 ชุด,2022,4000000.0,False
2022.3.17.86,2022.3.17.86,2022.3.17,47,หน่วยงานอน(cid:201)ืของรฐั,สาํนักงานสภาเกษตรกรแห่งชาติ,False,แผนงานยุทธศาสตรเ์สรมิสร้างใหค้นมีสขุภาวะท(cid:201)ดีี,201) ี1 :  โครงการเพ(cid:201)มิศกัยภาพการใหบ้รกิารทางด้านสาธารณสขุ,,,,,,,,เคร(cid:201)ืองจ(cid:202)ีและตดัดว้ยก๊าซอารก์อนแขวงปทมุวนั  เขตปทมุวนั  กรุงเทพมหานคร 1 ชุด,2022,3000000.0,False
2022.3.17.87,2022.3.17.87,2022.3.17,47,หน่วยงานอน(cid:201)ืของรฐั,สาํนักงานสภาเกษตรกรแห่งชาติ,False,แผนงานยุทธศาสตรเ์สรมิสร้างใหค้นมีสขุภาวะท(cid:201)ดีี,201) ี1 :  โครงการเพ(cid:201)มิศกัยภาพการใหบ้รกิารทางด้านสาธารณสขุ,,,,,,,,เคร(cid:201)ืองวดัลานสายตาแบบอตัโนมตัิแขวงปทมุวนั  เขตปทมุวนั  กรุงเทพมหานคร 1 เคร(cid:201)ือง,2022,2700000.0,False
2022.3.17.88,2022.3.17.88,2022.3.17,47,หน่วยงานอน(cid:201)ืของรฐั,สาํนักงานสภาเกษตรกรแห่งชาติ,False,แผนงานยุทธศาสตรเ์สรมิสร้างใหค้นมีสขุภาวะท(cid:201)ดีี,201) ี1 :  โครงการเพ(cid:201)มิศกัยภาพการใหบ้รกิารทางด้านสาธารณสขุ,,,,,,,,เคร(cid:201)ืองรกัษาโรคตาดว้ยเลเซอรช์นดิอนิฟราเรดแขวงปทมุวนั  เขตปทมุวนั  กรุงเทพมหานคร 1 เคร(cid:201)ือง,2022,2300000.0,False
2022.3.17.89,2022.3.17.89,2022.3.17,47,หน่วยงานอน(cid:201)ืของรฐั,สาํนักงานสภาเกษตรกรแห่งชาติ,False,แผนงานยุทธศาสตรเ์สรมิสร้างใหค้นมีสขุภาวะท(cid:201)ดีี,201) ี1 :  โครงการเพ(cid:201)มิศกัยภาพการใหบ้รกิารทางด้านสาธารณสขุ,,,,,,,,เคร(cid:201)ืองเฝ้าตดิตามการทาํงานของเสน้ประสาทขณะผ่าตดัแขวงปทมุวนั  เขตปทมุวนั  กรุงเทพมหานคร 1 เคร(cid:201)ือง,2022,1900000.0,False
2022.3.17.90,2022.3.17.90,2022.3.17,47,หน่วยงานอน(cid:201)ืของรฐั,สาํนักงานสภาเกษตรกรแห่งชาติ,False,แผนงานยุทธศาสตรเ์สรมิสร้างใหค้นมีสขุภาวะท(cid:201)ดีี,201) ี1 :  โครงการเพ(cid:201)มิศกัยภาพการใหบ้รกิารทางด้านสาธารณสขุ,,,,,,,,กลอ้งส่องตรวจทอ่ไตชนดิวดิทีศัน์แขวงปทมุวนั  เขตปทมุวนั  กรุงเทพมหานคร 1 กลอ้ง,2022,1330000.0,False
2022.3.17.91,2022.3.17.91,2022.3.17,47,หน่วยงานอน(cid:201)ืของรฐั,สาํนักงานสภาเกษตรกรแห่งชาติ,False,แผนงานยุทธศาสตรเ์สรมิสร้างใหค้นมีสขุภาวะท(cid:201)ดีี,201) ี1 :  โครงการเพ(cid:201)มิศกัยภาพการใหบ้รกิารทางด้านสาธารณสขุ,,,,,,,,เคร(cid:201)ืองวเิคราะหส์ารพนัธุกรรมแบบอตัโนมตัิแขวงปทมุวนั  เขตปทมุวนั  กรุงเทพมหานคร 1 ชุด,2022,22470000.0,False
2022.3.17.92,2022.3.17.92,2022.3.17,48,หน่วยงานอน(cid:201)ืของรฐั,สาํนักงานสภาเกษตรกรแห่งชาติ,False,แผนงานยุทธศาสตรเ์สรมิสร้างใหค้นมีสขุภาวะท(cid:201)ดีี,201) ี1 :  โครงการเพ(cid:201)มิศกัยภาพการใหบ้รกิารทางด้านสาธารณสขุ,,,,,,,,ชุดผ่าตดัผ่านกลอ้งระบบวดิทีศันช์นดิ  4Kแขวงปทมุวนั  เขตปทมุวนั  กรุงเทพมหานคร 1 ชุด,2022,7900000.0,False
2022.3.17.93,2022.3.17.93,2022.3.17,48,หน่วยงานอน(cid:201)ืของรฐั,สาํนักงานสภาเกษตรกรแห่งชาติ,False,แผนงานยุทธศาสตรเ์สรมิสร้างใหค้นมีสขุภาวะท(cid:201)ดีี,201) ี1 :  โครงการเพ(cid:201)มิศกัยภาพการใหบ้รกิารทางด้านสาธารณสขุ,,,,,,,,เคร(cid:201)ืองพมิพช์ีวภาพสามมติ  ิแขวงปทมุวนั  เขตปทมุวนักรุงเทพมหานคร 1 เคร(cid:201)ือง,2022,4635500.0,False
2022.3.17.94,2022.3.17.94,2022.3.17,48,หน่วยงานอน(cid:201)ืของรฐั,สาํนักงานสภาเกษตรกรแห่งชาติ,False,แผนงานยุทธศาสตรเ์สรมิสร้างใหค้นมีสขุภาวะท(cid:201)ดีี,201) ี1 :  โครงการเพ(cid:201)มิศกัยภาพการใหบ้รกิารทางด้านสาธารณสขุ,,,,,,,,เคร(cid:201)ืองฉีดคารบ์อนไดออกไซดอ์ตัโนมตั  ิแขวงปทมุวนั  เขตปทมุวนั  กรุงเทพมหานคร 1 เคร(cid:201)ือง,2022,3210000.0,False
2022.3.17.95,2022.3.17.95,2022.3.17,48,หน่วยงานอน(cid:201)ืของรฐั,สาํนักงานสภาเกษตรกรแห่งชาติ,False,แผนงานยุทธศาสตรเ์สรมิสร้างใหค้นมีสขุภาวะท(cid:201)ดีี,201) ี1 :  โครงการเพ(cid:201)มิศกัยภาพการใหบ้รกิารทางด้านสาธารณสขุ,,,,,,,,เคร(cid:201)ืองวเิคราะหก์ารกลายพนัธุข์องยนีมะเร็งแบบอตัโนมตั  ิแขวงปทมุวนั  เขตปทมุวนั  กรุงเทพมหานคร 1 ชุด,2022,3000000.0,False
2022.3.17.96,2022.3.17.96,2022.3.17,48,หน่วยงานอน(cid:201)ืของรฐั,สาํนักงานสภาเกษตรกรแห่งชาติ,False,แผนงานยุทธศาสตรเ์สรมิสร้างใหค้นมีสขุภาวะท(cid:201)ดีี,201) ี1 :  โครงการเพ(cid:201)มิศกัยภาพการใหบ้รกิารทางด้านสาธารณสขุ,,,,,,,,เคร(cid:201)ืองบดกระดูกแบบอตัโนมตั  ิแขวงปทมุวนั  เขตปทมุวนักรุงเทพมหานคร 1 ชุด,2022,2800000.0,False
2022.3.17.97,2022.3.17.97,2022.3.17,48,หน่วยงานอน(cid:201)ืของรฐั,สาํนักงานสภาเกษตรกรแห่งชาติ,False,แผนงานยุทธศาสตรเ์สรมิสร้างใหค้นมีสขุภาวะท(cid:201)ดีี,201) ี1 :  โครงการเพ(cid:201)มิศกัยภาพการใหบ้รกิารทางด้านสาธารณสขุ,,,,,,,,กลอ้งส่องตรวจลาํไสใ้หญ่และทวารหนกัชนดิความละเอียดสูงแขวงปทมุวนั  เขตปทมุวนั  กรุงเทพมหานคร 2 เคร(cid:201)ือง,2022,5400000.0,False
2022.3.17.98,2022.3.17.98,2022.3.17,48,หน่วยงานอน(cid:201)ืของรฐั,สาํนักงานสภาเกษตรกรแห่งชาติ,False,แผนงานยุทธศาสตรเ์สรมิสร้างใหค้นมีสขุภาวะท(cid:201)ดีี,201) ี1 :  โครงการเพ(cid:201)มิศกัยภาพการใหบ้รกิารทางด้านสาธารณสขุ,,,,,,,,เคร(cid:201)ืองวเิคราะหอ์ตัราการเกิดปฏกิิรยิาชีวเคมีแขวงปทมุวนั  เขตปทมุวนั  กรุงเทพมหานคร 1 เคร(cid:201)ือง,2022,2600000.0,False
2022.3.17.99,2022.3.17.99,2022.3.17,48,หน่วยงานอน(cid:201)ืของรฐั,สาํนักงานสภาเกษตรกรแห่งชาติ,False,แผนงานยุทธศาสตรเ์สรมิสร้างใหค้นมีสขุภาวะท(cid:201)ดีี,201) ี1 :  โครงการเพ(cid:201)มิศกัยภาพการใหบ้รกิารทางด้านสาธารณสขุ,,,,,,,,ระบบสาํหรบัการวางแผนการผ่าตดักระดูกแบบดจิติอลแขวงปทมุวนั  เขตปทมุวนั  กรุงเทพมหานคร 1 ระบบ,2022,2500000.0,False
2022.3.17.100,2022.3.17.100,2022.3.17,48,หน่วยงานอน(cid:201)ืของรฐั,สาํนักงานสภาเกษตรกรแห่งชาติ,False,แผนงานยุทธศาสตรเ์สรมิสร้างใหค้นมีสขุภาวะท(cid:201)ดีี,201) ี1 :  โครงการเพ(cid:201)มิศกัยภาพการใหบ้รกิารทางด้านสาธารณสขุ,,,,,,,,เคร(cid:201)ืองตดัเน(cid:202)อืเยอ(cid:201)ืพรอ้มระบบนาํทาง  แขวงปทมุวนั  เขตปทมุวนักรุงเทพมหานคร 1 ชุด,2022,2300000.0,False
2022.3.17.101,2022.3.17.101,2022.3.17,48,หน่วยงานอน(cid:201)ืของรฐั,สาํนักงานสภาเกษตรกรแห่งชาติ,False,แผนงานยุทธศาสตรเ์สรมิสร้างใหค้นมีสขุภาวะท(cid:201)ดีี,201) ี1 :  โครงการเพ(cid:201)มิศกัยภาพการใหบ้รกิารทางด้านสาธารณสขุ,,,,,,,,ชุดเคร(cid:201)ืองมอืผ่าตดัจลุศลัยกรรมระบบประสาทแขวงปทมุวนั  เขตปทมุวนั  กรุงเทพมหานคร 1 ชุด,2022,2123500.0,False
2022.3.17.102,2022.3.17.102,2022.3.17,48,หน่วยงานอน(cid:201)ืของรฐั,สาํนักงานสภาเกษตรกรแห่งชาติ,False,แผนงานยุทธศาสตรเ์สรมิสร้างใหค้นมีสขุภาวะท(cid:201)ดีี,201) ี1 :  โครงการเพ(cid:201)มิศกัยภาพการใหบ้รกิารทางด้านสาธารณสขุ,,,,,,,,เคร(cid:201)ืองทาํแหง้แบบเยอืกแขง็   แขวงปทมุวนั  เขตปทมุวนักรุงเทพมหานคร 1 เคร(cid:201)ือง,2022,2000000.0,False
2022.3.17.103,2022.3.17.103,2022.3.17,48,หน่วยงานอน(cid:201)ืของรฐั,สาํนักงานสภาเกษตรกรแห่งชาติ,False,แผนงานยุทธศาสตรเ์สรมิสร้างใหค้นมีสขุภาวะท(cid:201)ดีี,201) ี1 :  โครงการเพ(cid:201)มิศกัยภาพการใหบ้รกิารทางด้านสาธารณสขุ,,,,,,,,กลอ้งส่องตรวจปอดและหลอดลมขนาดเลก็พิเศษชนดิวดิทีศัน์แขวงปทมุวนั  เขตปทมุวนั  กรุงเทพมหานคร 1 กลอ้ง,2022,1400000.0,False
2022.3.17.104,2022.3.17.104,2022.3.17,48,หน่วยงานอน(cid:201)ืของรฐั,สาํนักงานสภาเกษตรกรแห่งชาติ,False,แผนงานยุทธศาสตรเ์สรมิสร้างใหค้นมีสขุภาวะท(cid:201)ดีี,201) ี1 :  โครงการเพ(cid:201)มิศกัยภาพการใหบ้รกิารทางด้านสาธารณสขุ,,,,,,,,เคร(cid:201)ืองวดัปรมิาณรงัสแีกมม่า   แขวงปทมุวนั  เขตปทมุวนักรุงเทพมหานคร 1 เคร(cid:201)ือง,2022,1391000.0,False
2022.3.17.105,2022.3.17.105,2022.3.17,48,หน่วยงานอน(cid:201)ืของรฐั,สาํนักงานสภาเกษตรกรแห่งชาติ,False,แผนงานยุทธศาสตรเ์สรมิสร้างใหค้นมีสขุภาวะท(cid:201)ดีี,201) ี1 :  โครงการเพ(cid:201)มิศกัยภาพการใหบ้รกิารทางด้านสาธารณสขุ,,,,,,,,ระบบลงิก์เมนยูนติ  แขวงปทมุวนั  เขตปทมุวนักรุงเทพมหานคร 1 ระบบ,2022,4552000.0,False
2022.3.17.106,2022.3.17.106,2022.3.17,48,หน่วยงานอน(cid:201)ืของรฐั,สาํนักงานสภาเกษตรกรแห่งชาติ,False,แผนงานยุทธศาสตรเ์สรมิสร้างใหค้นมีสขุภาวะท(cid:201)ดีี,201) ี1 :  โครงการเพ(cid:201)มิศกัยภาพการใหบ้รกิารทางด้านสาธารณสขุ,,,,,,,,ครุภณัฑว์ทิยาศาสตรท์ม(cid:201)ีรีาคาต่อหน่วยตาํ(cid:201)กว่า  1 ล้านบาทรวม 52 รายการ (รวม 55 หน่วย),2022,20480000.0,False
2022.3.17.107,2022.3.17.107,2022.3.17,48,หน่วยงานอน(cid:201)ืของรฐั,สาํนักงานสภาเกษตรกรแห่งชาติ,False,แผนงานยุทธศาสตรเ์สรมิสร้างใหค้นมีสขุภาวะท(cid:201)ดีี,201) ี1 :  โครงการเพ(cid:201)มิศกัยภาพการใหบ้รกิารทางด้านสาธารณสขุ,,,,,,,,ชุดเคร(cid:201)ืองปฏกิรณ์ชีวภาพพรอ้มอุปกรณ์ขนาดไมน่อ้ยกว่า  5 ลติรแขวงปทมุวนั  เขตปทมุวนั  กรุงเทพมหานคร  1 ชุด,2022,4000000.0,False
2022.3.17.108,2022.3.17.108,2022.3.17,48,หน่วยงานอน(cid:201)ืของรฐั,สาํนักงานสภาเกษตรกรแห่งชาติ,False,แผนงานยุทธศาสตรเ์สรมิสร้างใหค้นมีสขุภาวะท(cid:201)ดีี,201) ี1 :  โครงการเพ(cid:201)มิศกัยภาพการใหบ้รกิารทางด้านสาธารณสขุ,,,,,,,,เคร(cid:201)ืองปนั(cid:201) เหวย(cid:201)ีงความเร็วสูง  แขวงปทมุวนั  เขตปทมุวนักรุงเทพมหานคร 1 เคร(cid:201)ือง,2022,2000000.0,False
2022.3.17.109,2022.3.17.109,2022.3.17,48,หน่วยงานอน(cid:201)ืของรฐั,สาํนักงานสภาเกษตรกรแห่งชาติ,False,แผนงานยุทธศาสตรเ์สรมิสร้างใหค้นมีสขุภาวะท(cid:201)ดีี,201) ี1 :  โครงการเพ(cid:201)มิศกัยภาพการใหบ้รกิารทางด้านสาธารณสขุ,,,,,,,,เคร(cid:201)ืองโฟลไซโตมเิตอร์แขวงปทมุวนั  เขตปทมุวนักรุงเทพมหานคร  1 เคร(cid:201)ือง,2022,5000000.0,False
2022.3.17.110,2022.3.17.110,2022.3.17,48,หน่วยงานอน(cid:201)ืของรฐั,สาํนักงานสภาเกษตรกรแห่งชาติ,False,แผนงานยุทธศาสตรเ์สรมิสร้างใหค้นมีสขุภาวะท(cid:201)ดีี,201) ี1 :  โครงการเพ(cid:201)มิศกัยภาพการใหบ้รกิารทางด้านสาธารณสขุ,,,,,,,,เคร(cid:201)ืองเขย่าแบบตงั(cid:202)พ(cid:202)นืชนดิควบคมุอุณหภมู  ิแขวงปทมุวนัเขตปทมุวนั  กรุงเทพมหานคร  1 เคร(cid:201)ือง,2022,1100000.0,False
2022.3.17.111,2022.3.17.111,2022.3.17,49,หน่วยงานอน(cid:201)ืของรฐั,สาํนักงานสภาเกษตรกรแห่งชาติ,False,แผนงานยุทธศาสตรเ์สรมิสร้างใหค้นมีสขุภาวะท(cid:201)ดีี,201) ี1 :  โครงการเพ(cid:201)มิศกัยภาพการใหบ้รกิารทางด้านสาธารณสขุ,,,,,,,,เคร(cid:201)ืองล้างถงัปฏกิรณ์ชีวภาพและอุปกรณ์เคร(cid:201)ืองแกว้แขวงปทมุวนั  เขตปทมุวนั  กรุงเทพมหานคร 1 เคร(cid:201)ือง,2022,1200000.0,False
2022.3.17.112,2022.3.17.112,2022.3.17,49,หน่วยงานอน(cid:201)ืของรฐั,สาํนักงานสภาเกษตรกรแห่งชาติ,False,แผนงานยุทธศาสตรเ์สรมิสร้างใหค้นมีสขุภาวะท(cid:201)ดีี,201) ี1 :  โครงการเพ(cid:201)มิศกัยภาพการใหบ้รกิารทางด้านสาธารณสขุ,,,,,,,,เคร(cid:201)ืองวเิคราะหป์รมิาณสารทางชีววตัถุแขวงปทมุวนัเขตปทมุวนั  กรุงเทพมหานคร 1 เคร(cid:201)ือง,2022,2500000.0,False
2022.3.17.113,2022.3.17.113,2022.3.17,49,หน่วยงานอน(cid:201)ืของรฐั,สาํนักงานสภาเกษตรกรแห่งชาติ,False,แผนงานยุทธศาสตรเ์สรมิสร้างใหค้นมีสขุภาวะท(cid:201)ดีี,201) ี1 :  โครงการเพ(cid:201)มิศกัยภาพการใหบ้รกิารทางด้านสาธารณสขุ,,,,,,,,ตแู้ช่แขง็อุณหภมูติาํ(cid:201)  แขวงปทมุวนั  เขตปทมุวนักรุงเทพมหานคร 1 ตู้,2022,1200000.0,False
2022.3.17.114,2022.3.17.114,2022.3.17,49,หน่วยงานอน(cid:201)ืของรฐั,สาํนักงานสภาเกษตรกรแห่งชาติ,False,แผนงานยุทธศาสตรเ์สรมิสร้างใหค้นมีสขุภาวะท(cid:201)ดีี,201) ี1 :  โครงการเพ(cid:201)มิศกัยภาพการใหบ้รกิารทางด้านสาธารณสขุ,,,,,,,,เคร(cid:201)ืองวเิคราะหต์วัอย่างโปรตนีและสารพนัธุกรรมชนดิปรบัความยาวคลน(cid:201)ืแสงได้แขวงปทมุวนั  เขตปทมุวนักรุงเทพมหานคร 1 เคร(cid:201)ือง,2022,2500000.0,False
2022.3.17.115,2022.3.17.115,2022.3.17,49,หน่วยงานอน(cid:201)ืของรฐั,สาํนักงานสภาเกษตรกรแห่งชาติ,False,แผนงานยุทธศาสตรเ์สรมิสร้างใหค้นมีสขุภาวะท(cid:201)ดีี,201) ี1 :  โครงการเพ(cid:201)มิศกัยภาพการใหบ้รกิารทางด้านสาธารณสขุ,,,,,,,,กลอ้งจลุทรรศนห์วักลบั  ชนดิเทคนคิฟลูออเรสเซนต์พรอ้มชุดถ่ายภาพแขวงปทมุวนั  เขตปทมุวนักรุงเทพมหานคร  1 กลอ้ง,2022,1700000.0,False
2022.3.17.116,2022.3.17.116,2022.3.17,49,หน่วยงานอน(cid:201)ืของรฐั,สาํนักงานสภาเกษตรกรแห่งชาติ,False,แผนงานยุทธศาสตรเ์สรมิสร้างใหค้นมีสขุภาวะท(cid:201)ดีี,201) ี1 :  โครงการเพ(cid:201)มิศกัยภาพการใหบ้รกิารทางด้านสาธารณสขุ,,,,,,,,ชุดเคร(cid:201)ืองปฏกิรณ์ชีวภาพพรอ้มอุปกรณ์ขนาดไมน่อ้ยกว่า  30 ลติรแขวงปทมุวนั  เขตปทมุวนั  กรุงเทพมหานคร 1 ชุด,2022,20000000.0,False
2022.3.17.117,2022.3.17.117,2022.3.17,49,หน่วยงานอน(cid:201)ืของรฐั,สาํนักงานสภาเกษตรกรแห่งชาติ,False,แผนงานยุทธศาสตรเ์สรมิสร้างใหค้นมีสขุภาวะท(cid:201)ดีี,201) ี1 :  โครงการเพ(cid:201)มิศกัยภาพการใหบ้รกิารทางด้านสาธารณสขุ,,,,,,,,เคร(cid:201)ืองปนั(cid:201) เหวย(cid:201)ีงแบบตกตะกอนอุตสาหกรรมแขวงปทมุวนั  เขตปทมุวนั  กรุงเทพมหานคร 1 เคร(cid:201)ือง,2022,20000000.0,False
2022.3.17.118,2022.3.17.118,2022.3.17,49,หน่วยงานอน(cid:201)ืของรฐั,สาํนักงานสภาเกษตรกรแห่งชาติ,False,แผนงานยุทธศาสตรเ์สรมิสร้างใหค้นมีสขุภาวะท(cid:201)ดีี,201) ี1 :  โครงการเพ(cid:201)มิศกัยภาพการใหบ้รกิารทางด้านสาธารณสขุ,,,,,,,,ถงัผสม 100 ลติรแขวงปทมุวนั  เขตปทมุวนักรุงเทพมหานคร 1 ถงั,2022,6000000.0,False
2022.3.17.119,2022.3.17.119,2022.3.17,49,หน่วยงานอน(cid:201)ืของรฐั,สาํนักงานสภาเกษตรกรแห่งชาติ,False,แผนงานยุทธศาสตรเ์สรมิสร้างใหค้นมีสขุภาวะท(cid:201)ดีี,201) ี1 :  โครงการเพ(cid:201)มิศกัยภาพการใหบ้รกิารทางด้านสาธารณสขุ,,,,,,,,เคร(cid:201)ืองล้างอุปกรณ์ขนาด 160 ลติรแขวงปทมุวนั  เขตปทมุวนั  กรุงเทพมหานคร  1 เคร(cid:201)ือง,2022,2000000.0,False
2022.3.17.120,2022.3.17.120,2022.3.17,49,หน่วยงานอน(cid:201)ืของรฐั,สาํนักงานสภาเกษตรกรแห่งชาติ,False,แผนงานยุทธศาสตรเ์สรมิสร้างใหค้นมีสขุภาวะท(cid:201)ดีี,201) ี1 :  โครงการเพ(cid:201)มิศกัยภาพการใหบ้รกิารทางด้านสาธารณสขุ,,,,,,,,เคร(cid:201)ืองกรองอดัตะกอนชนดิเพลทแอนดเ์ฟรมแขวงปทมุวนั  เขตปทมุวนั  กรุงเทพมหานคร 1 ชุด,2022,4000000.0,False
2022.3.17.121,2022.3.17.121,2022.3.17,49,หน่วยงานอน(cid:201)ืของรฐั,สาํนักงานสภาเกษตรกรแห่งชาติ,False,แผนงานยุทธศาสตรเ์สรมิสร้างใหค้นมีสขุภาวะท(cid:201)ดีี,201) ี1 :  โครงการเพ(cid:201)มิศกัยภาพการใหบ้รกิารทางด้านสาธารณสขุ,,,,,,,,เคร(cid:201)ืองตรวจสอบลกัษณะผลติภณัฑบ์รรจเุสร็จแขวงปทมุวนั  เขตปทมุวนั  กรุงเทพมหานคร 1 เคร(cid:201)ือง,2022,15000000.0,False
2022.3.17.122,2022.3.17.122,2022.3.17,49,หน่วยงานอน(cid:201)ืของรฐั,สาํนักงานสภาเกษตรกรแห่งชาติ,False,แผนงานยุทธศาสตรเ์สรมิสร้างใหค้นมีสขุภาวะท(cid:201)ดีี,201) ี1 :  โครงการเพ(cid:201)มิศกัยภาพการใหบ้รกิารทางด้านสาธารณสขุ,,,,,,,,ชุดกลอ้งจลุทรรศนห์วักลบัพรอ้มอุปกรณ์ประมวลผลแขวงปทมุวนั  เขตปทมุวนั  กรุงเทพมหานคร 1 ชุด,2022,3500000.0,False
2022.3.17.123,2022.3.17.123,2022.3.17,49,หน่วยงานอน(cid:201)ืของรฐั,สาํนักงานสภาเกษตรกรแห่งชาติ,False,แผนงานยุทธศาสตรเ์สรมิสร้างใหค้นมีสขุภาวะท(cid:201)ดีี,201) ี1 :  โครงการเพ(cid:201)มิศกัยภาพการใหบ้รกิารทางด้านสาธารณสขุ,,,,,,,,กรงเล(cid:202)ยีงกระต่าย (30 กรง) แขวงปทมุวนั  เขตปทมุวนักรุงเทพมหานคร 1 ชุด,2022,3500000.0,False
2022.3.17.124,2022.3.17.124,2022.3.17,49,หน่วยงานอน(cid:201)ืของรฐั,สาํนักงานสภาเกษตรกรแห่งชาติ,False,แผนงานยุทธศาสตรเ์สรมิสร้างใหค้นมีสขุภาวะท(cid:201)ดีี,201) ี1 :  โครงการเพ(cid:201)มิศกัยภาพการใหบ้รกิารทางด้านสาธารณสขุ,,,,,,,,เคร(cid:201)ืองวดัค่าการดูดกลนืแสงบนไมโครเพลทและเคร(cid:201)ืองล้างปฏกิิรยิาบนไมโครเพลทพรอ้มอุปกรณ์ประกอบแขวงปทมุวนั  เขตปทมุวนั  กรุงเทพมหานคร 1 ชุด,2022,2500000.0,False
2022.3.17.125,2022.3.17.125,2022.3.17,49,หน่วยงานอน(cid:201)ืของรฐั,สาํนักงานสภาเกษตรกรแห่งชาติ,False,แผนงานยุทธศาสตรเ์สรมิสร้างใหค้นมีสขุภาวะท(cid:201)ดีี,201) ี1 :  โครงการเพ(cid:201)มิศกัยภาพการใหบ้รกิารทางด้านสาธารณสขุ,,,,,,,,เคร(cid:201)ืองกาํเนดิไฟฟ้า  แขวงปทมุวนั  เขตปทมุวนั  กรุงเทพมหานคร 1 ชุด,2022,1500000.0,False
2022.3.17.126,2022.3.17.126,2022.3.17,49,หน่วยงานอน(cid:201)ืของรฐั,สาํนักงานสภาเกษตรกรแห่งชาติ,False,แผนงานยุทธศาสตรเ์สรมิสร้างใหค้นมีสขุภาวะท(cid:201)ดีี,201) ี1 :  โครงการเพ(cid:201)มิศกัยภาพการใหบ้รกิารทางด้านสาธารณสขุ,,,,,,,,เคร(cid:201)ืองตรวจจำแนกเช(cid:202)ือและทดสอบความไวของเช(cid:202)ือต่อยาปฏชิีวนะแบบอตัโนมตั  ิแขวงปทมุวนั  เขตปทมุวนั  กรุงเทพมหานคร 1 ชุด,2022,3000000.0,False
2022.3.17.127,2022.3.17.127,2022.3.17,49,หน่วยงานอน(cid:201)ืของรฐั,สาํนักงานสภาเกษตรกรแห่งชาติ,False,แผนงานยุทธศาสตรเ์สรมิสร้างใหค้นมีสขุภาวะท(cid:201)ดีี,201) ี1 :  โครงการเพ(cid:201)มิศกัยภาพการใหบ้รกิารทางด้านสาธารณสขุ,,,,,,,,เคร(cid:201)ืองพสิูจนเ์อกลกัษณ์วตัถดุบิ  แบบพกพาแขวงปทมุวนั  เขตปทมุวนั  กรุงเทพมหานคร 1 ชุด,2022,3000000.0,False
2022.3.17.128,2022.3.17.128,2022.3.17,49,หน่วยงานอน(cid:201)ืของรฐั,สาํนักงานสภาเกษตรกรแห่งชาติ,False,แผนงานยุทธศาสตรเ์สรมิสร้างใหค้นมีสขุภาวะท(cid:201)ดีี,201) ี1 :  โครงการเพ(cid:201)มิศกัยภาพการใหบ้รกิารทางด้านสาธารณสขุ,,,,,,,,ชุดวเิคราะหข์นาดและนบัจาํนวนอนุภาคแขวงปทมุวนั  เขตปทมุวนั  กรุงเทพมหานคร 1 ชุด,2022,3000000.0,False
2022.3.17.129,2022.3.17.129,2022.3.17,50,หน่วยงานอน(cid:201)ืของรฐั,สาํนักงานสภาเกษตรกรแห่งชาติ,False,แผนงานยุทธศาสตรเ์สรมิสร้างใหค้นมีสขุภาวะท(cid:201)ดีี,201) ี1 :  โครงการเพ(cid:201)มิศกัยภาพการใหบ้รกิารทางด้านสาธารณสขุ,,,,,,,,เคร(cid:201)ืองตรวจรวั(cid:201) ของภาชนะบรรจยุาแขวงปทมุวนั  เขตปทมุวนักรุงเทพมหานคร  1 เคร(cid:201)ือง,2022,8500000.0,False
2022.3.17.130,2022.3.17.130,2022.3.17,50,หน่วยงานอน(cid:201)ืของรฐั,สาํนักงานสภาเกษตรกรแห่งชาติ,False,แผนงานยุทธศาสตรเ์สรมิสร้างใหค้นมีสขุภาวะท(cid:201)ดีี,201) ี1 :  โครงการเพ(cid:201)มิศกัยภาพการใหบ้รกิารทางด้านสาธารณสขุ,,,,,,,,เคร(cid:201)ืองถ่ายภาพแผน่สารเรอืงแสงดว้ยเทคนคิเคมลิูมเินสเซน็ต์แขวงปทมุวนั  เขตปทมุวนั  กรุงเทพมหานคร 1 เคร(cid:201)ือง,2022,1200000.0,False
2022.3.17.131,2022.3.17.131,2022.3.17,50,หน่วยงานอน(cid:201)ืของรฐั,สาํนักงานสภาเกษตรกรแห่งชาติ,False,แผนงานยุทธศาสตรเ์สรมิสร้างใหค้นมีสขุภาวะท(cid:201)ดีี,201) ี1 :  โครงการเพ(cid:201)มิศกัยภาพการใหบ้รกิารทางด้านสาธารณสขุ,,,,,,,,เคร(cid:201)ืองเอ็กซเรยร์ะบบดจิติอลแขวงปทมุวนั  เขตปทมุวนักรุงเทพมหานคร  1 เคร(cid:201)ือง,2022,1800000.0,False
2022.3.17.132,2022.3.17.132,2022.3.17,50,หน่วยงานอน(cid:201)ืของรฐั,สาํนักงานสภาเกษตรกรแห่งชาติ,False,แผนงานยุทธศาสตรเ์สรมิสร้างใหค้นมีสขุภาวะท(cid:201)ดีี,201) ี1 :  โครงการเพ(cid:201)มิศกัยภาพการใหบ้รกิารทางด้านสาธารณสขุ,,,,,,,,เคร(cid:201)ืองตรวจอวยัวะภายในดว้ยคลน(cid:201)ืเสยีงความถส(cid:201)ีูงแขวงปทมุวนั  เขตปทมุวนั  กรุงเทพมหานคร 1 เคร(cid:201)ือง,2022,1100000.0,False
2022.3.17.133,2022.3.17.133,2022.3.17,50,หน่วยงานอน(cid:201)ืของรฐั,สาํนักงานสภาเกษตรกรแห่งชาติ,False,แผนงานยุทธศาสตรเ์สรมิสร้างใหค้นมีสขุภาวะท(cid:201)ดีี,201) ี1 :  โครงการเพ(cid:201)มิศกัยภาพการใหบ้รกิารทางด้านสาธารณสขุ,,,,,,,,กลอ้งส่องตรวจอวยัวะภายในระบบทางเดนิอาหารระบบทางเดนิหายใจและช่องปากแขวงปทมุวนั  เขตปทมุวนักรุงเทพมหานคร 1 กลอ้ง,2022,1423000.0,False
2022.3.17.134,2022.3.17.134,2022.3.17,50,หน่วยงานอน(cid:201)ืของรฐั,สาํนักงานสภาเกษตรกรแห่งชาติ,False,แผนงานยุทธศาสตรเ์สรมิสร้างใหค้นมีสขุภาวะท(cid:201)ดีี,201) ี1 :  โครงการเพ(cid:201)มิศกัยภาพการใหบ้รกิารทางด้านสาธารณสขุ,,,,,,,,เคร(cid:201)ืองดมยาสลบในม้าแขวงปทมุวนั  เขตปทมุวนักรุงเทพมหานคร 1 เคร(cid:201)ือง,2022,1437000.0,False
2022.3.17.135,2022.3.17.135,2022.3.17,50,หน่วยงานอน(cid:201)ืของรฐั,สาํนักงานสภาเกษตรกรแห่งชาติ,False,แผนงานยุทธศาสตรเ์สรมิสร้างใหค้นมีสขุภาวะท(cid:201)ดีี,201) ี1 :  โครงการเพ(cid:201)มิศกัยภาพการใหบ้รกิารทางด้านสาธารณสขุ,,,,,,,,ปรบัปรุงเคร(cid:201)ืองบรรจวุคัซนีอตัโนมตัขิองโรงงานแบง่บรรจวุคัซนีแขวงปทมุวนั  เขตปทมุวนั  กรุงเทพมหานคร 1 เคร(cid:201)ือง,2022,1000000.0,False
2022.3.17.136,2022.3.17.136,2022.3.17,50,หน่วยงานอน(cid:201)ืของรฐั,สาํนักงานสภาเกษตรกรแห่งชาติ,False,แผนงานยุทธศาสตรเ์สรมิสร้างใหค้นมีสขุภาวะท(cid:201)ดีี,201) ี1 :  โครงการเพ(cid:201)มิศกัยภาพการใหบ้รกิารทางด้านสาธารณสขุ,,,,,,,,ค่าทด(cid:201)ีนิ /สง(cid:201)ิก่อสร้าง,2022,976902200.0,False
2022.3.17.137,2022.3.17.137,2022.3.17,50,หน่วยงานอน(cid:201)ืของรฐั,สาํนักงานสภาเกษตรกรแห่งชาติ,False,แผนงานยุทธศาสตรเ์สรมิสร้างใหค้นมีสขุภาวะท(cid:201)ดีี,201) ี1 :  โครงการเพ(cid:201)มิศกัยภาพการใหบ้รกิารทางด้านสาธารณสขุ,,,,,,,,ศูนยบ์ูรณาการบริการด้านการแพทยแ์ละสาธารณสุขแขวงปทมุวนั  เขตปทมุวนั  กรุงเทพมหานคร 1 หลงั,2022,92968000.0,False
2022.3.17.138,2022.3.17.138,2022.3.17,50,หน่วยงานอน(cid:201)ืของรฐั,สาํนักงานสภาเกษตรกรแห่งชาติ,False,แผนงานยุทธศาสตรเ์สรมิสร้างใหค้นมีสขุภาวะท(cid:201)ดีี,201) ี1 :  โครงการเพ(cid:201)มิศกัยภาพการใหบ้รกิารทางด้านสาธารณสขุ,,,,,,,,ปี 2562 ตงั(cid:202)งบประมาณ,2019,368000000.0,True
2022.3.17.139,2022.3.17.139,2022.3.17,50,หน่วยงานอน(cid:201)ืของรฐั,สาํนักงานสภาเกษตรกรแห่งชาติ,False,แผนงานยุทธศาสตรเ์สรมิสร้างใหค้นมีสขุภาวะท(cid:201)ดีี,201) ี1 :  โครงการเพ(cid:201)มิศกัยภาพการใหบ้รกิารทางด้านสาธารณสขุ,,,,,,,,ปี 2563 ตงั(cid:202)งบประมาณ                        -,2020,,True
2022.3.17.140,2022.3.17.140,2022.3.17,50,หน่วยงานอน(cid:201)ืของรฐั,สาํนักงานสภาเกษตรกรแห่งชาติ,False,แผนงานยุทธศาสตรเ์สรมิสร้างใหค้นมีสขุภาวะท(cid:201)ดีี,201) ี1 :  โครงการเพ(cid:201)มิศกัยภาพการใหบ้รกิารทางด้านสาธารณสขุ,,,,,,,,ปี 2564 ตงั(cid:202)งบประมาณ,2021,345664000.0,True
2022.3.17.141,2022.3.17.141,2022.3.17,50,หน่วยงานอน(cid:201)ืของรฐั,สาํนักงานสภาเกษตรกรแห่งชาติ,False,แผนงานยุทธศาสตรเ์สรมิสร้างใหค้นมีสขุภาวะท(cid:201)ดีี,201) ี1 :  โครงการเพ(cid:201)มิศกัยภาพการใหบ้รกิารทางด้านสาธารณสขุ,,,,,,,,ปี 2565 ตงั(cid:202)งบประมาณ,2022,92968000.0,True
2022.3.17.142,2022.3.17.142,2022.3.17,50,หน่วยงานอน(cid:201)ืของรฐั,สาํนักงานสภาเกษตรกรแห่งชาติ,False,แผนงานยุทธศาสตรเ์สรมิสร้างใหค้นมีสขุภาวะท(cid:201)ดีี,201) ี1 :  โครงการเพ(cid:201)มิศกัยภาพการใหบ้รกิารทางด้านสาธารณสขุ,,,,,,,,ปี 2566 ผูกพันงบประมาณ,2023,921368000.0,True
2022.3.17.143,2022.3.17.143,2022.3.17,50,หน่วยงานอน(cid:201)ืของรฐั,สาํนักงานสภาเกษตรกรแห่งชาติ,False,แผนงานยุทธศาสตรเ์สรมิสร้างใหค้นมีสขุภาวะท(cid:201)ดีี,201) ี1 :  โครงการเพ(cid:201)มิศกัยภาพการใหบ้รกิารทางด้านสาธารณสขุ,,,,,,,,อาคารกาํจดัขยะระยะท (cid:201)ี1 แขวงปทมุวนั  เขตปทมุวนักรุงเทพมหานคร 1 หลงั,2022,49992000.0,False
2022.3.17.144,2022.3.17.144,2022.3.17,50,หน่วยงานอน(cid:201)ืของรฐั,สาํนักงานสภาเกษตรกรแห่งชาติ,False,แผนงานยุทธศาสตรเ์สรมิสร้างใหค้นมีสขุภาวะท(cid:201)ดีี,201) ี1 :  โครงการเพ(cid:201)มิศกัยภาพการใหบ้รกิารทางด้านสาธารณสขุ,,,,,,,,ปี 2562 ตงั(cid:202)งบประมาณ,2019,24000000.0,True
2022.3.17.145,2022.3.17.145,2022.3.17,50,หน่วยงานอน(cid:201)ืของรฐั,สาํนักงานสภาเกษตรกรแห่งชาติ,False,แผนงานยุทธศาสตรเ์สรมิสร้างใหค้นมีสขุภาวะท(cid:201)ดีี,201) ี1 :  โครงการเพ(cid:201)มิศกัยภาพการใหบ้รกิารทางด้านสาธารณสขุ,,,,,,,,ปี 2563 ตงั(cid:202)งบประมาณ                        -,2020,,True
2022.3.17.146,2022.3.17.146,2022.3.17,50,หน่วยงานอน(cid:201)ืของรฐั,สาํนักงานสภาเกษตรกรแห่งชาติ,False,แผนงานยุทธศาสตรเ์สรมิสร้างใหค้นมีสขุภาวะท(cid:201)ดีี,201) ี1 :  โครงการเพ(cid:201)มิศกัยภาพการใหบ้รกิารทางด้านสาธารณสขุ,,,,,,,,ปี 2564 ตงั(cid:202)งบประมาณ,2021,33600000.0,True
2022.3.17.147,2022.3.17.147,2022.3.17,50,หน่วยงานอน(cid:201)ืของรฐั,สาํนักงานสภาเกษตรกรแห่งชาติ,False,แผนงานยุทธศาสตรเ์สรมิสร้างใหค้นมีสขุภาวะท(cid:201)ดีี,201) ี1 :  โครงการเพ(cid:201)มิศกัยภาพการใหบ้รกิารทางด้านสาธารณสขุ,,,,,,,,ปี 2565 ตงั(cid:202)งบประมาณ,2022,49992000.0,True
2022.3.17.148,2022.3.17.148,2022.3.17,50,หน่วยงานอน(cid:201)ืของรฐั,สาํนักงานสภาเกษตรกรแห่งชาติ,False,แผนงานยุทธศาสตรเ์สรมิสร้างใหค้นมีสขุภาวะท(cid:201)ดีี,201) ี1 :  โครงการเพ(cid:201)มิศกัยภาพการใหบ้รกิารทางด้านสาธารณสขุ,,,,,,,,ปี 2566 ผูกพันงบประมาณ,2023,12408000.0,True
2022.3.17.149,2022.3.17.149,2022.3.17,51,หน่วยงานอน(cid:201)ืของรฐั,สาํนักงานสภาเกษตรกรแห่งชาติ,False,แผนงานยุทธศาสตรเ์สรมิสร้างใหค้นมีสขุภาวะท(cid:201)ดีี,201) ี1 :  โครงการเพ(cid:201)มิศกัยภาพการใหบ้รกิารทางด้านสาธารณสขุ,,,,,,,,ปรบัปรุงอาคารนวมนิทราชินแีละอาคารคคัณางค์แขวงปทมุวนั  เขตปทมุวนั  กรุงเทพมหานคร 1 งาน                        -,2022,,False
2022.3.17.150,2022.3.17.150,2022.3.17,51,หน่วยงานอน(cid:201)ืของรฐั,สาํนักงานสภาเกษตรกรแห่งชาติ,False,แผนงานยุทธศาสตรเ์สรมิสร้างใหค้นมีสขุภาวะท(cid:201)ดีี,201) ี1 :  โครงการเพ(cid:201)มิศกัยภาพการใหบ้รกิารทางด้านสาธารณสขุ,,,,,,,,ปี 2563 ตงั(cid:202)งบประมาณ,2020,140800000.0,True
2022.3.17.151,2022.3.17.151,2022.3.17,51,หน่วยงานอน(cid:201)ืของรฐั,สาํนักงานสภาเกษตรกรแห่งชาติ,False,แผนงานยุทธศาสตรเ์สรมิสร้างใหค้นมีสขุภาวะท(cid:201)ดีี,201) ี1 :  โครงการเพ(cid:201)มิศกัยภาพการใหบ้รกิารทางด้านสาธารณสขุ,,,,,,,,ปี 2564 ตงั(cid:202)งบประมาณ,2021,59136000.0,True
2022.3.17.152,2022.3.17.152,2022.3.17,51,หน่วยงานอน(cid:201)ืของรฐั,สาํนักงานสภาเกษตรกรแห่งชาติ,False,แผนงานยุทธศาสตรเ์สรมิสร้างใหค้นมีสขุภาวะท(cid:201)ดีี,201) ี1 :  โครงการเพ(cid:201)มิศกัยภาพการใหบ้รกิารทางด้านสาธารณสขุ,,,,,,,,ปี 2565 ตงั(cid:202)งบประมาณ                        -,2022,,True
2022.3.17.153,2022.3.17.153,2022.3.17,51,หน่วยงานอน(cid:201)ืของรฐั,สาํนักงานสภาเกษตรกรแห่งชาติ,False,แผนงานยุทธศาสตรเ์สรมิสร้างใหค้นมีสขุภาวะท(cid:201)ดีี,201) ี1 :  โครงการเพ(cid:201)มิศกัยภาพการใหบ้รกิารทางด้านสาธารณสขุ,,,,,,,,ปี 2566 ผูกพันงบประมาณ,2023,466740000.0,True
2022.3.17.154,2022.3.17.154,2022.3.17,51,หน่วยงานอน(cid:201)ืของรฐั,สาํนักงานสภาเกษตรกรแห่งชาติ,False,แผนงานยุทธศาสตรเ์สรมิสร้างใหค้นมีสขุภาวะท(cid:201)ดีี,201) ี1 :  โครงการเพ(cid:201)มิศกัยภาพการใหบ้รกิารทางด้านสาธารณสขุ,,,,,,,,ปี 2567 ผูกพันงบประมาณ,2024,33324000.0,True
2022.3.17.155,2022.3.17.155,2022.3.17,51,หน่วยงานอน(cid:201)ืของรฐั,สาํนักงานสภาเกษตรกรแห่งชาติ,False,แผนงานยุทธศาสตรเ์สรมิสร้างใหค้นมีสขุภาวะท(cid:201)ดีี,201) ี1 :  โครงการเพ(cid:201)มิศกัยภาพการใหบ้รกิารทางด้านสาธารณสขุ,,,,,,,,ก่อสร้างอาคารศูนยว์จิยัและนวตักรรมงานบริการแขวงปทมุวนั  เขตปทมุวนั  กรุงเทพมหานคร 1 หลงั,2022,202729000.0,False
2022.3.17.156,2022.3.17.156,2022.3.17,51,หน่วยงานอน(cid:201)ืของรฐั,สาํนักงานสภาเกษตรกรแห่งชาติ,False,แผนงานยุทธศาสตรเ์สรมิสร้างใหค้นมีสขุภาวะท(cid:201)ดีี,201) ี1 :  โครงการเพ(cid:201)มิศกัยภาพการใหบ้รกิารทางด้านสาธารณสขุ,,,,,,,,ปี 2563 ตงั(cid:202)งบประมาณ,2020,230400000.0,True
2022.3.17.157,2022.3.17.157,2022.3.17,51,หน่วยงานอน(cid:201)ืของรฐั,สาํนักงานสภาเกษตรกรแห่งชาติ,False,แผนงานยุทธศาสตรเ์สรมิสร้างใหค้นมีสขุภาวะท(cid:201)ดีี,201) ี1 :  โครงการเพ(cid:201)มิศกัยภาพการใหบ้รกิารทางด้านสาธารณสขุ,,,,,,,,ปี 2564 ตงั(cid:202)งบประมาณ,2021,161280000.0,True
2022.3.17.158,2022.3.17.158,2022.3.17,51,หน่วยงานอน(cid:201)ืของรฐั,สาํนักงานสภาเกษตรกรแห่งชาติ,False,แผนงานยุทธศาสตรเ์สรมิสร้างใหค้นมีสขุภาวะท(cid:201)ดีี,201) ี1 :  โครงการเพ(cid:201)มิศกัยภาพการใหบ้รกิารทางด้านสาธารณสขุ,,,,,,,,ปี 2565 ตงั(cid:202)งบประมาณ,2022,202729000.0,True
2022.3.17.159,2022.3.17.159,2022.3.17,51,หน่วยงานอน(cid:201)ืของรฐั,สาํนักงานสภาเกษตรกรแห่งชาติ,False,แผนงานยุทธศาสตรเ์สรมิสร้างใหค้นมีสขุภาวะท(cid:201)ดีี,201) ี1 :  โครงการเพ(cid:201)มิศกัยภาพการใหบ้รกิารทางด้านสาธารณสขุ,,,,,,,,ปี 2566 ผูกพันงบประมาณ,2023,489591000.0,True
2022.3.17.160,2022.3.17.160,2022.3.17,51,หน่วยงานอน(cid:201)ืของรฐั,สาํนักงานสภาเกษตรกรแห่งชาติ,False,แผนงานยุทธศาสตรเ์สรมิสร้างใหค้นมีสขุภาวะท(cid:201)ดีี,201) ี1 :  โครงการเพ(cid:201)มิศกัยภาพการใหบ้รกิารทางด้านสาธารณสขุ,,ค่าควบคมุงานทม(cid:201)ีรีาคาต่อหน่วยตาํ(cid:201)กว่า  10 ล้านบาทรวม 8 รายการ (รวม 8 หน่วย),,,,,,ค่าควบคมุงานก่อสร้างอาคารกาํจดัขยะระยะท (cid:201)ี 1แขวงปทมุวนั  เขตปทมุวนั  กรุงเทพมหานคร 1 งาน,2022,1800000.0,False
2022.3.17.161,2022.3.17.161,2022.3.17,51,หน่วยงานอน(cid:201)ืของรฐั,สาํนักงานสภาเกษตรกรแห่งชาติ,False,แผนงานยุทธศาสตรเ์สรมิสร้างใหค้นมีสขุภาวะท(cid:201)ดีี,201) ี1 :  โครงการเพ(cid:201)มิศกัยภาพการใหบ้รกิารทางด้านสาธารณสขุ,,ค่าควบคมุงานทม(cid:201)ีรีาคาต่อหน่วยตาํ(cid:201)กว่า  10 ล้านบาทรวม 8 รายการ (รวม 8 หน่วย),,,,,,ปี 2562 ตงั(cid:202)งบประมาณ,2019,960000.0,True
2022.3.17.162,2022.3.17.162,2022.3.17,51,หน่วยงานอน(cid:201)ืของรฐั,สาํนักงานสภาเกษตรกรแห่งชาติ,False,แผนงานยุทธศาสตรเ์สรมิสร้างใหค้นมีสขุภาวะท(cid:201)ดีี,201) ี1 :  โครงการเพ(cid:201)มิศกัยภาพการใหบ้รกิารทางด้านสาธารณสขุ,,ค่าควบคมุงานทม(cid:201)ีรีาคาต่อหน่วยตาํ(cid:201)กว่า  10 ล้านบาทรวม 8 รายการ (รวม 8 หน่วย),,,,,,ปี 2563 ตงั(cid:202)งบประมาณ                        -,2020,,True
2022.3.17.163,2022.3.17.163,2022.3.17,51,หน่วยงานอน(cid:201)ืของรฐั,สาํนักงานสภาเกษตรกรแห่งชาติ,False,แผนงานยุทธศาสตรเ์สรมิสร้างใหค้นมีสขุภาวะท(cid:201)ดีี,201) ี1 :  โครงการเพ(cid:201)มิศกัยภาพการใหบ้รกิารทางด้านสาธารณสขุ,,ค่าควบคมุงานทม(cid:201)ีรีาคาต่อหน่วยตาํ(cid:201)กว่า  10 ล้านบาทรวม 8 รายการ (รวม 8 หน่วย),,,,,,ปี 2564 ตงั(cid:202)งบประมาณ,2021,1440000.0,True
2022.3.17.164,2022.3.17.164,2022.3.17,51,หน่วยงานอน(cid:201)ืของรฐั,สาํนักงานสภาเกษตรกรแห่งชาติ,False,แผนงานยุทธศาสตรเ์สรมิสร้างใหค้นมีสขุภาวะท(cid:201)ดีี,201) ี1 :  โครงการเพ(cid:201)มิศกัยภาพการใหบ้รกิารทางด้านสาธารณสขุ,,ค่าควบคมุงานทม(cid:201)ีรีาคาต่อหน่วยตาํ(cid:201)กว่า  10 ล้านบาทรวม 8 รายการ (รวม 8 หน่วย),,,,,,ปี 2565 ตงั(cid:202)งบประมาณ,2022,1800000.0,True
2022.3.17.165,2022.3.17.165,2022.3.17,51,หน่วยงานอน(cid:201)ืของรฐั,สาํนักงานสภาเกษตรกรแห่งชาติ,False,แผนงานยุทธศาสตรเ์สรมิสร้างใหค้นมีสขุภาวะท(cid:201)ดีี,201) ี1 :  โครงการเพ(cid:201)มิศกัยภาพการใหบ้รกิารทางด้านสาธารณสขุ,,ค่าควบคมุงานทม(cid:201)ีรีาคาต่อหน่วยตาํ(cid:201)กว่า  10 ล้านบาทรวม 8 รายการ (รวม 8 หน่วย),,,,,,ปี 2566 ผูกพันงบประมาณ,2023,600000.0,True
2022.3.17.166,2022.3.17.166,2022.3.17,51,หน่วยงานอน(cid:201)ืของรฐั,สาํนักงานสภาเกษตรกรแห่งชาติ,False,แผนงานยุทธศาสตรเ์สรมิสร้างใหค้นมีสขุภาวะท(cid:201)ดีี,201) ี1 :  โครงการเพ(cid:201)มิศกัยภาพการใหบ้รกิารทางด้านสาธารณสขุ,,ค่าควบคมุงานทม(cid:201)ีรีาคาต่อหน่วยตาํ(cid:201)กว่า  10 ล้านบาทรวม 8 รายการ (รวม 8 หน่วย),,,,,,ค่าควบคมุงานก่อสร้างทางเดนิเช(cid:201)ือมระยะท (cid:201)ี 3แขวงปทมุวนั  เขตปทมุวนั  กรุงเทพมหานคร 1 งาน                        -,2022,,False
2022.3.17.167,2022.3.17.167,2022.3.17,51,หน่วยงานอน(cid:201)ืของรฐั,สาํนักงานสภาเกษตรกรแห่งชาติ,False,แผนงานยุทธศาสตรเ์สรมิสร้างใหค้นมีสขุภาวะท(cid:201)ดีี,201) ี1 :  โครงการเพ(cid:201)มิศกัยภาพการใหบ้รกิารทางด้านสาธารณสขุ,,ค่าควบคมุงานทม(cid:201)ีรีาคาต่อหน่วยตาํ(cid:201)กว่า  10 ล้านบาทรวม 8 รายการ (รวม 8 หน่วย),,,,,,ปี 2564 ตงั(cid:202)งบประมาณ,2021,1063200.0,True
2022.3.17.168,2022.3.17.168,2022.3.17,51,หน่วยงานอน(cid:201)ืของรฐั,สาํนักงานสภาเกษตรกรแห่งชาติ,False,แผนงานยุทธศาสตรเ์สรมิสร้างใหค้นมีสขุภาวะท(cid:201)ดีี,201) ี1 :  โครงการเพ(cid:201)มิศกัยภาพการใหบ้รกิารทางด้านสาธารณสขุ,,ค่าควบคมุงานทม(cid:201)ีรีาคาต่อหน่วยตาํ(cid:201)กว่า  10 ล้านบาทรวม 8 รายการ (รวม 8 หน่วย),,,,,,ปี 2565 ตงั(cid:202)งบประมาณ                        -,2022,,True
2022.3.17.169,2022.3.17.169,2022.3.17,51,หน่วยงานอน(cid:201)ืของรฐั,สาํนักงานสภาเกษตรกรแห่งชาติ,False,แผนงานยุทธศาสตรเ์สรมิสร้างใหค้นมีสขุภาวะท(cid:201)ดีี,201) ี1 :  โครงการเพ(cid:201)มิศกัยภาพการใหบ้รกิารทางด้านสาธารณสขุ,,ค่าควบคมุงานทม(cid:201)ีรีาคาต่อหน่วยตาํ(cid:201)กว่า  10 ล้านบาทรวม 8 รายการ (รวม 8 หน่วย),,,,,,ปี 2566 ผูกพันงบประมาณ,2023,4252800.0,True
2022.3.17.170,2022.3.17.170,2022.3.17,52,หน่วยงานอน(cid:201)ืของรฐั,สาํนักงานสภาเกษตรกรแห่งชาติ,False,แผนงานยุทธศาสตรเ์สรมิสร้างใหค้นมีสขุภาวะท(cid:201)ดีี,201) ี1 :  โครงการเพ(cid:201)มิศกัยภาพการใหบ้รกิารทางด้านสาธารณสขุ,,ค่าควบคมุงานทม(cid:201)ีรีาคาต่อหน่วยตาํ(cid:201)กว่า  10 ล้านบาทรวม 8 รายการ (รวม 8 หน่วย),,,,,,ค่าควบคมุงานปรบัปรุงหอ้งผ่าตดัพิเศษอเนกประสงค์แขวงปทมุวนั  เขตปทมุวนั  กรุงเทพมหานคร 1 งาน,2022,624000.0,False
2022.3.17.171,2022.3.17.171,2022.3.17,52,หน่วยงานอน(cid:201)ืของรฐั,สาํนักงานสภาเกษตรกรแห่งชาติ,False,แผนงานยุทธศาสตรเ์สรมิสร้างใหค้นมีสขุภาวะท(cid:201)ดีี,201) ี1 :  โครงการเพ(cid:201)มิศกัยภาพการใหบ้รกิารทางด้านสาธารณสขุ,,ค่าควบคมุงานทม(cid:201)ีรีาคาต่อหน่วยตาํ(cid:201)กว่า  10 ล้านบาทรวม 8 รายการ (รวม 8 หน่วย),,,,,,ปี 2565 ตงั(cid:202)งบประมาณ,2022,624000.0,True
2022.3.17.172,2022.3.17.172,2022.3.17,52,หน่วยงานอน(cid:201)ืของรฐั,สาํนักงานสภาเกษตรกรแห่งชาติ,False,แผนงานยุทธศาสตรเ์สรมิสร้างใหค้นมีสขุภาวะท(cid:201)ดีี,201) ี1 :  โครงการเพ(cid:201)มิศกัยภาพการใหบ้รกิารทางด้านสาธารณสขุ,,ค่าควบคมุงานทม(cid:201)ีรีาคาต่อหน่วยตาํ(cid:201)กว่า  10 ล้านบาทรวม 8 รายการ (รวม 8 หน่วย),,,,,,ปี 2566 ผูกพันงบประมาณ,2023,2496000.0,True
2022.3.17.173,2022.3.17.173,2022.3.17,52,หน่วยงานอน(cid:201)ืของรฐั,สาํนักงานสภาเกษตรกรแห่งชาติ,False,แผนงานยุทธศาสตรเ์สรมิสร้างใหค้นมีสขุภาวะท(cid:201)ดีี,201) ี1 :  โครงการเพ(cid:201)มิศกัยภาพการใหบ้รกิารทางด้านสาธารณสขุ,,,,,,,,ค่าควบคมุงานก่อสร้างศูนยบ์ูรณาการบริการด้านการแพทย์และสาธารณสุขแขวงปทมุวนั  เขตปทมุวนั  กรุงเทพมหานคร 1 งาน,2022,23441800.0,False
2022.3.17.174,2022.3.17.174,2022.3.17,52,หน่วยงานอน(cid:201)ืของรฐั,สาํนักงานสภาเกษตรกรแห่งชาติ,False,แผนงานยุทธศาสตรเ์สรมิสร้างใหค้นมีสขุภาวะท(cid:201)ดีี,201) ี1 :  โครงการเพ(cid:201)มิศกัยภาพการใหบ้รกิารทางด้านสาธารณสขุ,,,,,,,,ปี 2562 ตงั(cid:202)งบประมาณ,2019,18400000.0,True
2022.3.17.175,2022.3.17.175,2022.3.17,52,หน่วยงานอน(cid:201)ืของรฐั,สาํนักงานสภาเกษตรกรแห่งชาติ,False,แผนงานยุทธศาสตรเ์สรมิสร้างใหค้นมีสขุภาวะท(cid:201)ดีี,201) ี1 :  โครงการเพ(cid:201)มิศกัยภาพการใหบ้รกิารทางด้านสาธารณสขุ,,,,,,,,ปี 2563 ตงั(cid:202)งบประมาณ                        -,2020,,True
2022.3.17.176,2022.3.17.176,2022.3.17,52,หน่วยงานอน(cid:201)ืของรฐั,สาํนักงานสภาเกษตรกรแห่งชาติ,False,แผนงานยุทธศาสตรเ์สรมิสร้างใหค้นมีสขุภาวะท(cid:201)ดีี,201) ี1 :  โครงการเพ(cid:201)มิศกัยภาพการใหบ้รกิารทางด้านสาธารณสขุ,,,,,,,,ปี 2564 ตงั(cid:202)งบประมาณ,2021,16762800.0,True
2022.3.17.177,2022.3.17.177,2022.3.17,52,หน่วยงานอน(cid:201)ืของรฐั,สาํนักงานสภาเกษตรกรแห่งชาติ,False,แผนงานยุทธศาสตรเ์สรมิสร้างใหค้นมีสขุภาวะท(cid:201)ดีี,201) ี1 :  โครงการเพ(cid:201)มิศกัยภาพการใหบ้รกิารทางด้านสาธารณสขุ,,,,,,,,ปี 2565 ตงั(cid:202)งบประมาณ,2022,23441800.0,True
2022.3.17.178,2022.3.17.178,2022.3.17,52,หน่วยงานอน(cid:201)ืของรฐั,สาํนักงานสภาเกษตรกรแห่งชาติ,False,แผนงานยุทธศาสตรเ์สรมิสร้างใหค้นมีสขุภาวะท(cid:201)ดีี,201) ี1 :  โครงการเพ(cid:201)มิศกัยภาพการใหบ้รกิารทางด้านสาธารณสขุ,,,,,,,,ปี 2566 ผูกพันงบประมาณ,2023,29795400.0,True
2022.3.17.179,2022.3.17.179,2022.3.17,52,หน่วยงานอน(cid:201)ืของรฐั,สาํนักงานสภาเกษตรกรแห่งชาติ,False,แผนงานยุทธศาสตรเ์สรมิสร้างใหค้นมีสขุภาวะท(cid:201)ดีี,201) ี1 :  โครงการเพ(cid:201)มิศกัยภาพการใหบ้รกิารทางด้านสาธารณสขุ,,,,,,,,ค่าควบคมุงานปรบัปรุงอาคารสก.ระยะท (cid:201)ี1แขวงปทมุวนั  เขตปทมุวนั  กรุงเทพมหานคร 1 งาน,2022,8224000.0,False
2022.3.17.180,2022.3.17.180,2022.3.17,52,หน่วยงานอน(cid:201)ืของรฐั,สาํนักงานสภาเกษตรกรแห่งชาติ,False,แผนงานยุทธศาสตรเ์สรมิสร้างใหค้นมีสขุภาวะท(cid:201)ดีี,201) ี1 :  โครงการเพ(cid:201)มิศกัยภาพการใหบ้รกิารทางด้านสาธารณสขุ,,,,,,,,ปี 2562 ตงั(cid:202)งบประมาณ,2019,3456000.0,True
2022.3.17.181,2022.3.17.181,2022.3.17,52,หน่วยงานอน(cid:201)ืของรฐั,สาํนักงานสภาเกษตรกรแห่งชาติ,False,แผนงานยุทธศาสตรเ์สรมิสร้างใหค้นมีสขุภาวะท(cid:201)ดีี,201) ี1 :  โครงการเพ(cid:201)มิศกัยภาพการใหบ้รกิารทางด้านสาธารณสขุ,,,,,,,,ปี 2563 ตงั(cid:202)งบประมาณ                        -,2020,,True
2022.3.17.182,2022.3.17.182,2022.3.17,52,หน่วยงานอน(cid:201)ืของรฐั,สาํนักงานสภาเกษตรกรแห่งชาติ,False,แผนงานยุทธศาสตรเ์สรมิสร้างใหค้นมีสขุภาวะท(cid:201)ดีี,201) ี1 :  โครงการเพ(cid:201)มิศกัยภาพการใหบ้รกิารทางด้านสาธารณสขุ,,,,,,,,ปี 2564 ตงั(cid:202)งบประมาณ,2021,4320000.0,True
2022.3.17.183,2022.3.17.183,2022.3.17,52,หน่วยงานอน(cid:201)ืของรฐั,สาํนักงานสภาเกษตรกรแห่งชาติ,False,แผนงานยุทธศาสตรเ์สรมิสร้างใหค้นมีสขุภาวะท(cid:201)ดีี,201) ี1 :  โครงการเพ(cid:201)มิศกัยภาพการใหบ้รกิารทางด้านสาธารณสขุ,,,,,,,,ปี 2565 ตงั(cid:202)งบประมาณ,2022,8224000.0,True
2022.3.17.184,2022.3.17.184,2022.3.17,52,หน่วยงานอน(cid:201)ืของรฐั,สาํนักงานสภาเกษตรกรแห่งชาติ,False,แผนงานยุทธศาสตรเ์สรมิสร้างใหค้นมีสขุภาวะท(cid:201)ดีี,201) ี1 :  โครงการเพ(cid:201)มิศกัยภาพการใหบ้รกิารทางด้านสาธารณสขุ,,,,,,,,ค่าควบคมุงานปรบัปรุงอาคารนวมนิทราชินแีละอาคารคคัณางค์แขวงปทมุวนั  เขตปทมุวนั  กรุงเทพมหานคร 1 งาน,2022,5382200.0,False
2022.3.17.185,2022.3.17.185,2022.3.17,52,หน่วยงานอน(cid:201)ืของรฐั,สาํนักงานสภาเกษตรกรแห่งชาติ,False,แผนงานยุทธศาสตรเ์สรมิสร้างใหค้นมีสขุภาวะท(cid:201)ดีี,201) ี1 :  โครงการเพ(cid:201)มิศกัยภาพการใหบ้รกิารทางด้านสาธารณสขุ,,,,,,,,ปี 2563 ตงั(cid:202)งบประมาณ,2020,7040000.0,True
2022.3.17.186,2022.3.17.186,2022.3.17,52,หน่วยงานอน(cid:201)ืของรฐั,สาํนักงานสภาเกษตรกรแห่งชาติ,False,แผนงานยุทธศาสตรเ์สรมิสร้างใหค้นมีสขุภาวะท(cid:201)ดีี,201) ี1 :  โครงการเพ(cid:201)มิศกัยภาพการใหบ้รกิารทางด้านสาธารณสขุ,,,,,,,,ปี 2564 ตงั(cid:202)งบประมาณ                        -,2021,,True
2022.3.17.187,2022.3.17.187,2022.3.17,52,หน่วยงานอน(cid:201)ืของรฐั,สาํนักงานสภาเกษตรกรแห่งชาติ,False,แผนงานยุทธศาสตรเ์สรมิสร้างใหค้นมีสขุภาวะท(cid:201)ดีี,201) ี1 :  โครงการเพ(cid:201)มิศกัยภาพการใหบ้รกิารทางด้านสาธารณสขุ,,,,,,,,ปี 2565 ตงั(cid:202)งบประมาณ,2022,5382200.0,True
2022.3.17.188,2022.3.17.188,2022.3.17,52,หน่วยงานอน(cid:201)ืของรฐั,สาํนักงานสภาเกษตรกรแห่งชาติ,False,แผนงานยุทธศาสตรเ์สรมิสร้างใหค้นมีสขุภาวะท(cid:201)ดีี,201) ี1 :  โครงการเพ(cid:201)มิศกัยภาพการใหบ้รกิารทางด้านสาธารณสขุ,,,,,,,,ปี 2566 ผูกพันงบประมาณ,2023,12672000.0,True
2022.3.17.189,2022.3.17.189,2022.3.17,52,หน่วยงานอน(cid:201)ืของรฐั,สาํนักงานสภาเกษตรกรแห่งชาติ,False,แผนงานยุทธศาสตรเ์สรมิสร้างใหค้นมีสขุภาวะท(cid:201)ดีี,201) ี1 :  โครงการเพ(cid:201)มิศกัยภาพการใหบ้รกิารทางด้านสาธารณสขุ,,,,,,,,ปี 2567 ผูกพันงบประมาณ,2024,9305800.0,True
2022.3.17.190,2022.3.17.190,2022.3.17,53,หน่วยงานอน(cid:201)ืของรฐั,สาํนักงานสภาเกษตรกรแห่งชาติ,False,แผนงานยุทธศาสตรเ์สรมิสร้างใหค้นมีสขุภาวะท(cid:201)ดีี,201) ี1 :  โครงการเพ(cid:201)มิศกัยภาพการใหบ้รกิารทางด้านสาธารณสขุ,,,,,,,,ค่าควบคมุงานก่อสร้างอาคารศูนยว์จิยัและนวตักรรมงานบริการแขวงปทมุวนั  เขตปทมุวนั  กรุงเทพมหานคร 1 งาน,2022,13464000.0,False
2022.3.17.191,2022.3.17.191,2022.3.17,53,หน่วยงานอน(cid:201)ืของรฐั,สาํนักงานสภาเกษตรกรแห่งชาติ,False,แผนงานยุทธศาสตรเ์สรมิสร้างใหค้นมีสขุภาวะท(cid:201)ดีี,201) ี1 :  โครงการเพ(cid:201)มิศกัยภาพการใหบ้รกิารทางด้านสาธารณสขุ,,,,,,,,ปี 2563 ตงั(cid:202)งบประมาณ,2020,11520000.0,True
2022.3.17.192,2022.3.17.192,2022.3.17,53,หน่วยงานอน(cid:201)ืของรฐั,สาํนักงานสภาเกษตรกรแห่งชาติ,False,แผนงานยุทธศาสตรเ์สรมิสร้างใหค้นมีสขุภาวะท(cid:201)ดีี,201) ี1 :  โครงการเพ(cid:201)มิศกัยภาพการใหบ้รกิารทางด้านสาธารณสขุ,,,,,,,,ปี 2564 ตงั(cid:202)งบประมาณ,2021,576000.0,True
2022.3.17.193,2022.3.17.193,2022.3.17,53,หน่วยงานอน(cid:201)ืของรฐั,สาํนักงานสภาเกษตรกรแห่งชาติ,False,แผนงานยุทธศาสตรเ์สรมิสร้างใหค้นมีสขุภาวะท(cid:201)ดีี,201) ี1 :  โครงการเพ(cid:201)มิศกัยภาพการใหบ้รกิารทางด้านสาธารณสขุ,,,,,,,,ปี 2565 ตงั(cid:202)งบประมาณ,2022,13464000.0,True
2022.3.17.194,2022.3.17.194,2022.3.17,53,หน่วยงานอน(cid:201)ืของรฐั,สาํนักงานสภาเกษตรกรแห่งชาติ,False,แผนงานยุทธศาสตรเ์สรมิสร้างใหค้นมีสขุภาวะท(cid:201)ดีี,201) ี1 :  โครงการเพ(cid:201)มิศกัยภาพการใหบ้รกิารทางด้านสาธารณสขุ,,,,,,,,ปี 2566 ผูกพันงบประมาณ,2023,19880000.0,True
2022.3.17.195,2022.3.17.195,2022.3.17,53,หน่วยงานอน(cid:201)ืของรฐั,สาํนักงานสภาเกษตรกรแห่งชาติ,False,แผนงานยุทธศาสตรเ์สรมิสร้างใหค้นมีสขุภาวะท(cid:201)ดีี,201) ี1 :  โครงการเพ(cid:201)มิศกัยภาพการใหบ้รกิารทางด้านสาธารณสขุ,,,,,,,,ค่าควบคมุงานปรบัปรุงอาคารสรินิธรเพอ(cid:201)ืรองรบัการจดัตงั(cid:202)ศูนยเ์ตรยีมความพรอ้มทางการแพทยข์นั(cid:202) สูงเพอ(cid:201)ืรองรบัสถานการณ์วกิฤตสุขภาพ (CAMP) แขวงปทมุวนัเขตปทมุวนั  กรุงเทพมหานคร 1 งาน,2022,2160000.0,False
2022.3.17.196,2022.3.17.196,2022.3.17,53,หน่วยงานอน(cid:201)ืของรฐั,สาํนักงานสภาเกษตรกรแห่งชาติ,False,แผนงานยุทธศาสตรเ์สรมิสร้างใหค้นมีสขุภาวะท(cid:201)ดีี,201) ี1 :  โครงการเพ(cid:201)มิศกัยภาพการใหบ้รกิารทางด้านสาธารณสขุ,,,,,,,,ปี 2565 ตงั(cid:202)งบประมาณ,2022,2160000.0,True
2022.3.17.197,2022.3.17.197,2022.3.17,53,หน่วยงานอน(cid:201)ืของรฐั,สาํนักงานสภาเกษตรกรแห่งชาติ,False,แผนงานยุทธศาสตรเ์สรมิสร้างใหค้นมีสขุภาวะท(cid:201)ดีี,201) ี1 :  โครงการเพ(cid:201)มิศกัยภาพการใหบ้รกิารทางด้านสาธารณสขุ,,,,,,,,ปี 2566 ผูกพันงบประมาณ,2023,8640000.0,True
2022.3.17.198,2022.3.17.198,2022.3.17,53,หน่วยงานอน(cid:201)ืของรฐั,สาํนักงานสภาเกษตรกรแห่งชาติ,False,แผนงานยุทธศาสตรเ์สรมิสร้างใหค้นมีสขุภาวะท(cid:201)ดีี,201) ี1 :  โครงการเพ(cid:201)มิศกัยภาพการใหบ้รกิารทางด้านสาธารณสขุ,,,,,,,,ค่าปรบัปรุงสง(cid:201)ิก่อสร้างอ(cid:201)นืทม(cid:201)ีรีาคาต่อหน่วยตาํ(cid:201)กว่า  10 ล้านบาทรวม 3 รายการ (รวม 3 หน่วย),2022,11669100.0,False
2022.3.17.199,2022.3.17.199,2022.3.17,53,หน่วยงานอน(cid:201)ืของรฐั,สาํนักงานสภาเกษตรกรแห่งชาติ,False,แผนงานยุทธศาสตรเ์สรมิสร้างใหค้นมีสขุภาวะท(cid:201)ดีี,201) ี1 :  โครงการเพ(cid:201)มิศกัยภาพการใหบ้รกิารทางด้านสาธารณสขุ,,,,,,,,ปรบัปรุงคลนิกิผูป้่วยนอกระยะท (cid:201)ี 3 แขวงปทมุวนั  เขตปทมุวนักรุงเทพมหานคร 1 งาน,2022,90000000.0,False
2022.3.17.200,2022.3.17.200,2022.3.17,53,หน่วยงานอน(cid:201)ืของรฐั,สาํนักงานสภาเกษตรกรแห่งชาติ,False,แผนงานยุทธศาสตรเ์สรมิสร้างใหค้นมีสขุภาวะท(cid:201)ดีี,201) ี1 :  โครงการเพ(cid:201)มิศกัยภาพการใหบ้รกิารทางด้านสาธารณสขุ,,,,,,,,ปรบัปรุงพ(cid:202)นืทศ(cid:201)ีูนยค์วามเป็นเลศิด้านผลติภณัฑก์ารแพทยช์นั(cid:202) สูง9C-ATMP ระยะท (cid:201)ี2 แขวงปทมุวนั  เขตปทมุวนักรุงเทพมหานคร 1 งาน,2022,22000000.0,False
2022.3.17.201,2022.3.17.201,2022.3.17,53,หน่วยงานอน(cid:201)ืของรฐั,สาํนักงานสภาเกษตรกรแห่งชาติ,False,แผนงานยุทธศาสตรเ์สรมิสร้างใหค้นมีสขุภาวะท(cid:201)ดีี,201) ี1 :  โครงการเพ(cid:201)มิศกัยภาพการใหบ้รกิารทางด้านสาธารณสขุ,,,,,,,,ก่อสร้างถนนและฟ(cid:202)ืนสภาพระบบสาธารณูปโภครองรบัอาคารศูนยบ์ูรณาการบริการด้านการแพทยแ์ละสาธารณสุขแขวงปทมุวนั  เขตปทมุวนั  กรุงเทพมหานคร 1 งาน,2022,20000000.0,False
2022.3.17.202,2022.3.17.202,2022.3.17,53,หน่วยงานอน(cid:201)ืของรฐั,สาํนักงานสภาเกษตรกรแห่งชาติ,False,แผนงานยุทธศาสตรเ์สรมิสร้างใหค้นมีสขุภาวะท(cid:201)ดีี,201) ี1 :  โครงการเพ(cid:201)มิศกัยภาพการใหบ้รกิารทางด้านสาธารณสขุ,,,,,,,,จดัทาํป้ายภายในอาคารศรสีวรนิทริานุสรณ์ 150 ปีตาํบลศรรีาชาอาํเภอศรรีาชาจงัหวดัชลบรุ  ี 1 งาน,2022,15591000.0,False
2022.3.17.203,2022.3.17.203,2022.3.17,53,หน่วยงานอน(cid:201)ืของรฐั,สาํนักงานสภาเกษตรกรแห่งชาติ,False,แผนงานยุทธศาสตรเ์สรมิสร้างใหค้นมีสขุภาวะท(cid:201)ดีี,201) ี1 :  โครงการเพ(cid:201)มิศกัยภาพการใหบ้รกิารทางด้านสาธารณสขุ,,,,,,,,ปรบัปรุงขยายการบริการคลนิกิเสรมิสร้างภมูคิมุ้กนัและอายุรศาสตร์การทอ่งเทย(cid:201)ีวแขวงปทมุวนั  เขตปทมุวนั  กรุงเทพมหานคร 1 งาน,2022,16000000.0,False
2022.3.17.204,2022.3.17.204,2022.3.17,53,หน่วยงานอน(cid:201)ืของรฐั,สาํนักงานสภาเกษตรกรแห่งชาติ,False,แผนงานยุทธศาสตรเ์สรมิสร้างใหค้นมีสขุภาวะท(cid:201)ดีี,201) ี1 :  โครงการเพ(cid:201)มิศกัยภาพการใหบ้รกิารทางด้านสาธารณสขุ,,,,,,,,ปรบัปรุงหอ้งผ่าตดัพิเศษอเนกประสงค์แขวงปทมุวนัเขตปทมุวนั  กรุงเทพมหานคร 1 งาน,2022,9600000.0,False
2022.3.17.205,2022.3.17.205,2022.3.17,53,หน่วยงานอน(cid:201)ืของรฐั,สาํนักงานสภาเกษตรกรแห่งชาติ,False,แผนงานยุทธศาสตรเ์สรมิสร้างใหค้นมีสขุภาวะท(cid:201)ดีี,201) ี1 :  โครงการเพ(cid:201)มิศกัยภาพการใหบ้รกิารทางด้านสาธารณสขุ,,,,,,,,ปี 2565 ตงั(cid:202)งบประมาณ,2022,9600000.0,True
2022.3.17.206,2022.3.17.206,2022.3.17,53,หน่วยงานอน(cid:201)ืของรฐั,สาํนักงานสภาเกษตรกรแห่งชาติ,False,แผนงานยุทธศาสตรเ์สรมิสร้างใหค้นมีสขุภาวะท(cid:201)ดีี,201) ี1 :  โครงการเพ(cid:201)มิศกัยภาพการใหบ้รกิารทางด้านสาธารณสขุ,,,,,,,,ปี 2566 ผูกพันงบประมาณ,2023,38400000.0,True
2022.3.17.207,2022.3.17.207,2022.3.17,54,หน่วยงานอน(cid:201)ืของรฐั,สาํนักงานสภาเกษตรกรแห่งชาติ,False,แผนงานยุทธศาสตรเ์สรมิสร้างใหค้นมีสขุภาวะท(cid:201)ดีี,201) ี1 :  โครงการเพ(cid:201)มิศกัยภาพการใหบ้รกิารทางด้านสาธารณสขุ,,,,,,,,ปรบัปรุงอาคารสรินิธรเพอ(cid:201)ืรองรบัการจดัตงั(cid:202)ศูนยเ์ตรยีมความพรอ้มทางการแพทยข์นั(cid:202) สูงเพอ(cid:201)ืรองรบัสถานการณ์วกิฤตสุขภาพ (CAMP)แขวงปทมุวนั  เขตปทมุวนั  กรุงเทพมหานคร 1 งาน,2022,36000000.0,False
2022.3.17.208,2022.3.17.208,2022.3.17,54,หน่วยงานอน(cid:201)ืของรฐั,สาํนักงานสภาเกษตรกรแห่งชาติ,False,แผนงานยุทธศาสตรเ์สรมิสร้างใหค้นมีสขุภาวะท(cid:201)ดีี,201) ี1 :  โครงการเพ(cid:201)มิศกัยภาพการใหบ้รกิารทางด้านสาธารณสขุ,,,,,,,,ปี 2565 ตงั(cid:202)งบประมาณ,2022,36000000.0,True
2022.3.17.209,2022.3.17.209,2022.3.17,54,หน่วยงานอน(cid:201)ืของรฐั,สาํนักงานสภาเกษตรกรแห่งชาติ,False,แผนงานยุทธศาสตรเ์สรมิสร้างใหค้นมีสขุภาวะท(cid:201)ดีี,201) ี1 :  โครงการเพ(cid:201)มิศกัยภาพการใหบ้รกิารทางด้านสาธารณสขุ,,,,,,,,ปี 2566 ผูกพันงบประมาณ,2023,144000000.0,True
2022.3.17.210,2022.3.17.210,2022.3.17,54,หน่วยงานอน(cid:201)ืของรฐั,สาํนักงานสภาเกษตรกรแห่งชาติ,False,แผนงานยุทธศาสตรเ์สรมิสร้างใหค้นมีสขุภาวะท(cid:201)ดีี,201) ี1 :  โครงการเพ(cid:201)มิศกัยภาพการใหบ้รกิารทางด้านสาธารณสขุ,,,,,,,,ค่าปรบัปรุงอาคารสาธารณสุขและสง(cid:201)ิก่อสร้างประกอบทม(cid:201)ีรีาคาต่อหน่วยตาํ(cid:201)กว่า  10 ล้านบาทรวม 1 รายการ (รวม 1 หน่วย),2022,1500000.0,False
2022.3.17.211,2022.3.17.211,2022.3.17,54,หน่วยงานอน(cid:201)ืของรฐั,สาํนักงานสภาเกษตรกรแห่งชาติ,False,แผนงานยุทธศาสตรเ์สรมิสร้างใหค้นมีสขุภาวะท(cid:201)ดีี,201) ี1 :  โครงการเพ(cid:201)มิศกัยภาพการใหบ้รกิารทางด้านสาธารณสขุ,,,,,,,,ปรบัปรุงอาคารสก. ระยะท (cid:201)ี1   แขวงปทมุวนั  เขตปทมุวนักรุงเทพมหานคร 1 งาน,2022,161440000.0,False
2022.3.17.212,2022.3.17.212,2022.3.17,54,หน่วยงานอน(cid:201)ืของรฐั,สาํนักงานสภาเกษตรกรแห่งชาติ,False,แผนงานยุทธศาสตรเ์สรมิสร้างใหค้นมีสขุภาวะท(cid:201)ดีี,201) ี1 :  โครงการเพ(cid:201)มิศกัยภาพการใหบ้รกิารทางด้านสาธารณสขุ,,,,,,,,ปี 2562 ตงั(cid:202)งบประมาณ,2019,57600000.0,True
2022.3.17.213,2022.3.17.213,2022.3.17,54,หน่วยงานอน(cid:201)ืของรฐั,สาํนักงานสภาเกษตรกรแห่งชาติ,False,แผนงานยุทธศาสตรเ์สรมิสร้างใหค้นมีสขุภาวะท(cid:201)ดีี,201) ี1 :  โครงการเพ(cid:201)มิศกัยภาพการใหบ้รกิารทางด้านสาธารณสขุ,,,,,,,,ปี 2563 ตงั(cid:202)งบประมาณ                        -,2020,,True
2022.3.17.214,2022.3.17.214,2022.3.17,54,หน่วยงานอน(cid:201)ืของรฐั,สาํนักงานสภาเกษตรกรแห่งชาติ,False,แผนงานยุทธศาสตรเ์สรมิสร้างใหค้นมีสขุภาวะท(cid:201)ดีี,201) ี1 :  โครงการเพ(cid:201)มิศกัยภาพการใหบ้รกิารทางด้านสาธารณสขุ,,,,,,,,ปี 2564 ตงั(cid:202)งบประมาณ,2021,48960000.0,True
2022.3.17.215,2022.3.17.215,2022.3.17,54,หน่วยงานอน(cid:201)ืของรฐั,สาํนักงานสภาเกษตรกรแห่งชาติ,False,แผนงานยุทธศาสตรเ์สรมิสร้างใหค้นมีสขุภาวะท(cid:201)ดีี,201) ี1 :  โครงการเพ(cid:201)มิศกัยภาพการใหบ้รกิารทางด้านสาธารณสขุ,,,,,,,,ปี 2565 ตงั(cid:202)งบประมาณ,2022,161440000.0,True
2022.3.17.216,2022.3.17.216,2022.3.17,54,หน่วยงานอน(cid:201)ืของรฐั,สาํนักงานสภาเกษตรกรแห่งชาติ,False,แผนงานยุทธศาสตรเ์สรมิสร้างใหค้นมีสขุภาวะท(cid:201)ดีี,201) ี1 :  โครงการเพ(cid:201)มิศกัยภาพการใหบ้รกิารทางด้านสาธารณสขุ,,,,,,,,ค่าก่อสร้างอ(cid:201)นืๆทม(cid:201)ีรีาคาต่อหน่วยตาํ(cid:201)กว่า  10 ล้านบาทรวม 2 รายการ (รวม 2 หน่วย),2022,3615000.0,False
2022.3.17.217,2022.3.17.217,2022.3.17,54,หน่วยงานอน(cid:201)ืของรฐั,สาํนักงานสภาเกษตรกรแห่งชาติ,False,แผนงานยุทธศาสตรเ์สรมิสร้างใหค้นมีสขุภาวะท(cid:201)ดีี,201) ี1 :  โครงการเพ(cid:201)มิศกัยภาพการใหบ้รกิารทางด้านสาธารณสขุ,,,,,,,,ก่อสร้างทางเดนิเช(cid:201)ือมระยะท (cid:201)ี3 แขวงปทมุวนั  เขตปทมุวนักรุงเทพมหานคร 1 งาน                        -,2022,,False
2022.3.17.218,2022.3.17.218,2022.3.17,54,หน่วยงานอน(cid:201)ืของรฐั,สาํนักงานสภาเกษตรกรแห่งชาติ,False,แผนงานยุทธศาสตรเ์สรมิสร้างใหค้นมีสขุภาวะท(cid:201)ดีี,201) ี1 :  โครงการเพ(cid:201)มิศกัยภาพการใหบ้รกิารทางด้านสาธารณสขุ,,,,,,,,ปี 2564 ตงั(cid:202)งบประมาณ,2021,26580800.0,True
2022.3.17.219,2022.3.17.219,2022.3.17,54,หน่วยงานอน(cid:201)ืของรฐั,สาํนักงานสภาเกษตรกรแห่งชาติ,False,แผนงานยุทธศาสตรเ์สรมิสร้างใหค้นมีสขุภาวะท(cid:201)ดีี,201) ี1 :  โครงการเพ(cid:201)มิศกัยภาพการใหบ้รกิารทางด้านสาธารณสขุ,,,,,,,,ปี 2565 ตงั(cid:202)งบประมาณ                        -,2022,,True
2022.3.17.220,2022.3.17.220,2022.3.17,54,หน่วยงานอน(cid:201)ืของรฐั,สาํนักงานสภาเกษตรกรแห่งชาติ,False,แผนงานยุทธศาสตรเ์สรมิสร้างใหค้นมีสขุภาวะท(cid:201)ดีี,201) ี1 :  โครงการเพ(cid:201)มิศกัยภาพการใหบ้รกิารทางด้านสาธารณสขุ,,,,,,,,ปี 2566 ผูกพันงบประมาณ,2023,106323200.0,True
2022.3.17.221,2022.3.17.221,2022.3.17,54,หน่วยงานอน(cid:201)ืของรฐั,สาํนักงานสภาเกษตรกรแห่งชาติ,False,แผนงานยุทธศาสตรเ์สรมิสร้างใหค้นมีสขุภาวะท(cid:201)ดีี,201) ี1 :  โครงการเพ(cid:201)มิศกัยภาพการใหบ้รกิารทางด้านสาธารณสขุ,,,,,,,,ก่อสร้างส่วนต่อขยายท่าเรอืพยาบาลฉุกเฉินและพ(cid:202)นืทพ(cid:201)ีกัคอยผู้โดยสารตาํบลศรรีาชาอาํเภอศรรีาชาจงัหวดัชลบรุ  ี 1 งาน,2022,10169100.0,False
2022.3.17.222,2022.3.17.222,2022.3.17,54,หน่วยงานอน(cid:201)ืของรฐั,สาํนักงานสภาเกษตรกรแห่งชาติ,False,แผนงานยุทธศาสตรเ์สรมิสร้างใหค้นมีสขุภาวะท(cid:201)ดีี,201) ี1 :  โครงการเพ(cid:201)มิศกัยภาพการใหบ้รกิารทางด้านสาธารณสขุ,,,,,,,,ปี 2564 ตงั(cid:202)งบประมาณ,2021,6784000.0,True
2022.3.17.223,2022.3.17.223,2022.3.17,54,หน่วยงานอน(cid:201)ืของรฐั,สาํนักงานสภาเกษตรกรแห่งชาติ,False,แผนงานยุทธศาสตรเ์สรมิสร้างใหค้นมีสขุภาวะท(cid:201)ดีี,201) ี1 :  โครงการเพ(cid:201)มิศกัยภาพการใหบ้รกิารทางด้านสาธารณสขุ,,,,,,,,ปี 2565 ตงั(cid:202)งบประมาณ,2022,10169100.0,True
2022.3.17.224,2022.3.17.224,2022.3.17,54,หน่วยงานอน(cid:201)ืของรฐั,สาํนักงานสภาเกษตรกรแห่งชาติ,False,แผนงานยุทธศาสตรเ์สรมิสร้างใหค้นมีสขุภาวะท(cid:201)ดีี,201) ี1 :  โครงการเพ(cid:201)มิศกัยภาพการใหบ้รกิารทางด้านสาธารณสขุ,,,,,,,,ปี 2566 ผูกพันงบประมาณ,2023,16966900.0,True
2022.3.17.225,2022.3.17.225,2022.3.17,55,หน่วยงานอน(cid:201)ืของรฐั,สาํนักงานสภาเกษตรกรแห่งชาติ,False,แผนงานยุทธศาสตรเ์สรมิสร้างใหค้นมีสขุภาวะท(cid:201)ดีี,201) ี1 :  โครงการเพ(cid:201)มิศกัยภาพการใหบ้รกิารทางด้านสาธารณสขุ,,,,,,,,ก่อสร้างระบบบูรณาการด้านเทคโนโลยสีารสนเทศการแพทย์และสาธารณสุขสาํหรบัอาคารศูนยบ์ูรณาการบริการด้านการแพทย์และสาธารณสุขแขวงปทมุวนั  เขตปทมุวนั  กรุงเทพมหานคร 1 ระบบ,2022,80000000.0,False
2022.3.17.226,2022.3.17.226,2022.3.17,55,หน่วยงานอน(cid:201)ืของรฐั,สาํนักงานสภาเกษตรกรแห่งชาติ,False,แผนงานยุทธศาสตรเ์สรมิสร้างใหค้นมีสขุภาวะท(cid:201)ดีี,201) ี1 :  โครงการเพ(cid:201)มิศกัยภาพการใหบ้รกิารทางด้านสาธารณสขุ,,,,,,,,ก่อสร้างอาคารบริการสนบัสนุนทางการแพทย์ตาํบลศรรีาชาอาํเภอศรรีาชาจงัหวดัชลบรุ  ี 1 หลงั,2022,53840000.0,False
2022.3.17.227,2022.3.17.227,2022.3.17,55,หน่วยงานอน(cid:201)ืของรฐั,สาํนักงานสภาเกษตรกรแห่งชาติ,False,แผนงานยุทธศาสตรเ์สรมิสร้างใหค้นมีสขุภาวะท(cid:201)ดีี,201) ี1 :  โครงการเพ(cid:201)มิศกัยภาพการใหบ้รกิารทางด้านสาธารณสขุ,,,,,,,,ปรบัปรุงหอ้งปฏบิตักิาร (หอ้งปฏบิตักิารชีวนริภยัระดบั  2)แขวงปทมุวนั  เขตปทมุวนั  กรุงเทพมหานคร 1 งาน,2022,30000000.0,False
2022.3.17.228,2022.3.17.228,2022.3.17,55,หน่วยงานอน(cid:201)ืของรฐั,สาํนักงานสภาเกษตรกรแห่งชาติ,False,แผนงานยุทธศาสตรเ์สรมิสร้างใหค้นมีสขุภาวะท(cid:201)ดีี,201) ี1 :  โครงการเพ(cid:201)มิศกัยภาพการใหบ้รกิารทางด้านสาธารณสขุ,,,,,,,,โครงการเคร(cid:201)ืองช่วยฟงัสภากาชาดไทยเพอ(cid:201)ืผูด้อ้ยโอกาส,2022,500000.0,False
2022.3.17.229,2022.3.17.229,2022.3.17,55,หน่วยงานอน(cid:201)ืของรฐั,สาํนักงานสภาเกษตรกรแห่งชาติ,False,แผนงานยุทธศาสตรเ์สรมิสร้างใหค้นมีสขุภาวะท(cid:201)ดีี,201) ี1 :  โครงการเพ(cid:201)มิศกัยภาพการใหบ้รกิารทางด้านสาธารณสขุ,,,,,,,,โครงการรณรงคป์้องกนัความพกิารแต่กาํเนดิดว้ยโฟลกิแอซดิ,2022,1740000.0,False
2022.3.17.230,2022.3.17.230,2022.3.17,55,หน่วยงานอน(cid:201)ืของรฐั,สาํนักงานสภาเกษตรกรแห่งชาติ,False,แผนงานยุทธศาสตรเ์สรมิสร้างใหค้นมีสขุภาวะท(cid:201)ดีี,201) ี1 :  โครงการเพ(cid:201)มิศกัยภาพการใหบ้รกิารทางด้านสาธารณสขุ,,,,,,,,โครงการศลัยกรรมตกแต่งแกไ้ขปากแหวง่เพดานโหว่,2022,1350000.0,False
2022.3.17.231,2022.3.17.231,2022.3.17,55,หน่วยงานอน(cid:201)ืของรฐั,สาํนักงานสภาเกษตรกรแห่งชาติ,False,แผนงานยุทธศาสตรเ์สรมิสร้างใหค้นมีสขุภาวะท(cid:201)ดีี,201) ี1 :  โครงการเพ(cid:201)มิศกัยภาพการใหบ้รกิารทางด้านสาธารณสขุ,,,,,,,,โครงการปรบัปรุงศกัยภาพการผลติชีววตัถแุละผลติภณัฑท์างการแพทย์และบริการชีววตัถขุองสถานเสาวภาสภากาชาดไทย,2022,23450000.0,False
2022.3.17.232,2022.3.17.232,2022.3.17,58,หน่วยงานอน(cid:201)ืของรฐั,สาํนักงานสภาเกษตรกรแห่งชาติ,False,แผนงานยุทธศาสตรเ์สรมิสร้างใหค้นมีสขุภาวะท(cid:201)ดีี,201) ี2 :  โครงการช่วยเหลอืผูป้ระสบภยัพิบตัิ,,งบเงินอุดหนุน,เงินอุดหนุนทวั(cid:201)ไป,,,,,ค่าใช้จ่ายดาํเนนิงาน,2022,8763700.0,False
2022.3.17.233,2022.3.17.233,2022.3.17,58,หน่วยงานอน(cid:201)ืของรฐั,สาํนักงานสภาเกษตรกรแห่งชาติ,False,แผนงานยุทธศาสตรเ์สรมิสร้างใหค้นมีสขุภาวะท(cid:201)ดีี,201) ี2 :  โครงการช่วยเหลอืผูป้ระสบภยัพิบตัิ,,งบเงินอุดหนุน,เงินอุดหนุนทวั(cid:201)ไป,,,,,ค่าครุภณัฑ์,2022,11387700.0,False
2022.3.17.234,2022.3.17.234,2022.3.17,58,หน่วยงานอน(cid:201)ืของรฐั,สาํนักงานสภาเกษตรกรแห่งชาติ,False,แผนงานยุทธศาสตรเ์สรมิสร้างใหค้นมีสขุภาวะท(cid:201)ดีี,201) ี2 :  โครงการช่วยเหลอืผูป้ระสบภยัพิบตัิ,,,,,,,,ครุภณัฑย์านพาหนะและขนส่งทม(cid:201)ีรีาคาต่อหน่วยตาํ(cid:201)กว่า  1 ล้านบาทรวม 1 รายการ (รวม 1 หน่วย),2022,101700.0,False
2022.3.17.235,2022.3.17.235,2022.3.17,58,หน่วยงานอน(cid:201)ืของรฐั,สาํนักงานสภาเกษตรกรแห่งชาติ,False,แผนงานยุทธศาสตรเ์สรมิสร้างใหค้นมีสขุภาวะท(cid:201)ดีี,201) ี2 :  โครงการช่วยเหลอืผูป้ระสบภยัพิบตัิ,,,,,,,,"รถบรรทกุ  (ดเีซล) ขนาด 1 ตนั  ปรมิาตรกระบอกสูบไมต่าํ(cid:201)กว่า  2,400 ซซีีหรอื  กาํลงัเคร(cid:201)ืองยนตส์ูงสุดไมต่าํ(cid:201)กว่า  110 กิโลวตัต์ขบัเคลอ(cid:201)ืน 4 ลอ้แบบดบัเบ(cid:202)ลิแคบ็พรอ้มหลงัคาไฟเบอรก์ลาสสถานกีาชาดสรินิธรตาํบลหนองหงส์อาํเภอทงุ่สงจงัหวดันครศรธีรรมราช 1 คนั",2022,1092000.0,False
2022.3.17.236,2022.3.17.236,2022.3.17,58,หน่วยงานอน(cid:201)ืของรฐั,สาํนักงานสภาเกษตรกรแห่งชาติ,False,แผนงานยุทธศาสตรเ์สรมิสร้างใหค้นมีสขุภาวะท(cid:201)ดีี,201) ี2 :  โครงการช่วยเหลอืผูป้ระสบภยัพิบตัิ,,,,,,,,รถครวัสนามเคลอ(cid:201)ืนท (cid:201)ีรถบรรทกุ  6 ลอ้  2 เพลากาํลงัเคร(cid:201)ืองยนต์ไมต่าํ(cid:201)กว่า  240 แรงม้าตูอ้ลูมเินยีมครวัสนามพรอ้มอุปกรณ์เคร(cid:201)ืองครวั  แขวงปทมุวนั  เขตปทมุวนั  กรุงเทพมหานคร 2 คนั,2022,9600000.0,False
2022.3.17.237,2022.3.17.237,2022.3.17,58,หน่วยงานอน(cid:201)ืของรฐั,สาํนักงานสภาเกษตรกรแห่งชาติ,False,แผนงานยุทธศาสตรเ์สรมิสร้างใหค้นมีสขุภาวะท(cid:201)ดีี,201) ี2 :  โครงการช่วยเหลอืผูป้ระสบภยัพิบตัิ,,,,,,,,ครุภณัฑไ์ฟฟ้าและวทิยุทม(cid:201)ีรีาคาต่อหน่วยตาํ(cid:201)กว่า  1 ล้านบาทรวม 4 รายการ (รวม 18 หน่วย),2022,594000.0,False
2022.3.17.238,2022.3.17.238,2022.3.17,58,หน่วยงานอน(cid:201)ืของรฐั,สาํนักงานสภาเกษตรกรแห่งชาติ,False,แผนงานยุทธศาสตรเ์สรมิสร้างใหค้นมีสขุภาวะท(cid:201)ดีี,201) ี2 :  โครงการช่วยเหลอืผูป้ระสบภยัพิบตัิ,,,,,,,,ค่าทด(cid:201)ีนิ /สง(cid:201)ิก่อสร้าง,2022,18778400.0,False
2022.3.17.239,2022.3.17.239,2022.3.17,58,หน่วยงานอน(cid:201)ืของรฐั,สาํนักงานสภาเกษตรกรแห่งชาติ,False,แผนงานยุทธศาสตรเ์สรมิสร้างใหค้นมีสขุภาวะท(cid:201)ดีี,201) ี2 :  โครงการช่วยเหลอืผูป้ระสบภยัพิบตัิ,,,,,,,,ค่าปรบัปรุงสง(cid:201)ิก่อสร้างอ(cid:201)นืทม(cid:201)ีรีาคาต่อหน่วยตาํ(cid:201)กว่า  10 ล้านบาทรวม 5 รายการ (รวม 5 หน่วย),2022,18778400.0,False
2022.3.17.240,2022.3.17.240,2022.3.17,58,หน่วยงานอน(cid:201)ืของรฐั,สาํนักงานสภาเกษตรกรแห่งชาติ,False,แผนงานยุทธศาสตรเ์สรมิสร้างใหค้นมีสขุภาวะท(cid:201)ดีี,201) ี2 :  โครงการช่วยเหลอืผูป้ระสบภยัพิบตัิ,,,,,,,,โครงการช่วยเหลอืผูป้ระสบภยัดว้ยชุดธารนาํ(cid:202)ใจ,2022,80000000.0,False
2022.3.17.241,2022.3.17.241,2022.3.17,61,หน่วยงานอน(cid:201)ืของรฐั,สาํนักงานสภาเกษตรกรแห่งชาติ,False,แผนงานยุทธศาสตรเ์สรมิสร้างใหค้นมีสขุภาวะท(cid:201)ดีี,201) ี3 :  โครงการบริการโลหติ  ส่วนประกอบโลหติและผลติภณัฑจ์ากพลาสมามีปรมิาณเพียงพอสาํหรบัผูป้่วยทวั(cid:201)ประเทศและมีคุณภาพได้มาตรฐานสากล,,งบเงินอุดหนุน,เงินอุดหนุนทวั(cid:201)ไป,,,,,ค่าใช้จ่ายดาํเนนิงาน,2022,705248300.0,False
2022.3.17.242,2022.3.17.242,2022.3.17,61,หน่วยงานอน(cid:201)ืของรฐั,สาํนักงานสภาเกษตรกรแห่งชาติ,False,แผนงานยุทธศาสตรเ์สรมิสร้างใหค้นมีสขุภาวะท(cid:201)ดีี,201) ี3 :  โครงการบริการโลหติ  ส่วนประกอบโลหติและผลติภณัฑจ์ากพลาสมามีปรมิาณเพียงพอสาํหรบัผูป้่วยทวั(cid:201)ประเทศและมีคุณภาพได้มาตรฐานสากล,,งบเงินอุดหนุน,เงินอุดหนุนทวั(cid:201)ไป,,,,,ค่าครุภณัฑ์,2022,27813400.0,False
2022.3.17.243,2022.3.17.243,2022.3.17,61,หน่วยงานอน(cid:201)ืของรฐั,สาํนักงานสภาเกษตรกรแห่งชาติ,False,แผนงานยุทธศาสตรเ์สรมิสร้างใหค้นมีสขุภาวะท(cid:201)ดีี,201) ี3 :  โครงการบริการโลหติ  ส่วนประกอบโลหติและผลติภณัฑจ์ากพลาสมามีปรมิาณเพียงพอสาํหรบัผูป้่วยทวั(cid:201)ประเทศและมีคุณภาพได้มาตรฐานสากล,,,,,,,,ครุภณัฑก์ารแพทยท์ม(cid:201)ีรีาคาต่อหน่วยตาํ(cid:201)กว่า  1 ล้านบาทรวม 6 รายการ (รวม 99 หน่วย),2022,14444900.0,False
2022.3.17.244,2022.3.17.244,2022.3.17,61,หน่วยงานอน(cid:201)ืของรฐั,สาํนักงานสภาเกษตรกรแห่งชาติ,False,แผนงานยุทธศาสตรเ์สรมิสร้างใหค้นมีสขุภาวะท(cid:201)ดีี,201) ี3 :  โครงการบริการโลหติ  ส่วนประกอบโลหติและผลติภณัฑจ์ากพลาสมามีปรมิาณเพียงพอสาํหรบัผูป้่วยทวั(cid:201)ประเทศและมีคุณภาพได้มาตรฐานสากล,,,,,,,,เคร(cid:201)ืองวเิคราะหป์รมิาณโปรตนี  แขวงปทมุวนั  เขตปทมุวนักรุงเทพมหานคร 1 เคร(cid:201)ือง,2022,3206400.0,False
2022.3.17.245,2022.3.17.245,2022.3.17,61,หน่วยงานอน(cid:201)ืของรฐั,สาํนักงานสภาเกษตรกรแห่งชาติ,False,แผนงานยุทธศาสตรเ์สรมิสร้างใหค้นมีสขุภาวะท(cid:201)ดีี,201) ี3 :  โครงการบริการโลหติ  ส่วนประกอบโลหติและผลติภณัฑจ์ากพลาสมามีปรมิาณเพียงพอสาํหรบัผูป้่วยทวั(cid:201)ประเทศและมีคุณภาพได้มาตรฐานสากล,,,,,,,,เคร(cid:201)ืองวเิคราะหป์รมิาณสารอนิทรยีใ์นนาํ(cid:202) แขวงปทมุวนัเขตปทมุวนั  กรุงเทพมหานคร 1 เคร(cid:201)ือง,2022,2350000.0,False
2022.3.17.246,2022.3.17.246,2022.3.17,61,หน่วยงานอน(cid:201)ืของรฐั,สาํนักงานสภาเกษตรกรแห่งชาติ,False,แผนงานยุทธศาสตรเ์สรมิสร้างใหค้นมีสขุภาวะท(cid:201)ดีี,201) ี3 :  โครงการบริการโลหติ  ส่วนประกอบโลหติและผลติภณัฑจ์ากพลาสมามีปรมิาณเพียงพอสาํหรบัผูป้่วยทวั(cid:201)ประเทศและมีคุณภาพได้มาตรฐานสากล,,,,,,,,เคร(cid:201)ืองวเิคราะหส์ารโปรตนีดว้ยหลกัการอเิลก็โตรโฟรซีสิแขวงปทมุวนั  เขตปทมุวนั  กรุงเทพมหานคร 1 เคร(cid:201)ือง,2022,3313800.0,False
2022.3.17.247,2022.3.17.247,2022.3.17,61,หน่วยงานอน(cid:201)ืของรฐั,สาํนักงานสภาเกษตรกรแห่งชาติ,False,แผนงานยุทธศาสตรเ์สรมิสร้างใหค้นมีสขุภาวะท(cid:201)ดีี,201) ี3 :  โครงการบริการโลหติ  ส่วนประกอบโลหติและผลติภณัฑจ์ากพลาสมามีปรมิาณเพียงพอสาํหรบัผูป้่วยทวั(cid:201)ประเทศและมีคุณภาพได้มาตรฐานสากล,,,,,,,,เคร(cid:201)ืองบรรจนุาํ(cid:202)ยาถงุบรรจโุลหติ  พรอ้มระบบผลติไอนาํ(cid:202)บรสิุทธ(cid:205)ิสาํหรบัการทาํใหป้ราศจากเช(cid:202)ือดว้ยระบบอตัโนมตั  ิแขวงปทมุวนัเขตปทมุวนั  กรุงเทพมหานคร 1 เคร(cid:201)ือง,2022,4498300.0,False
2022.3.17.248,2022.3.17.248,2022.3.17,61,หน่วยงานอน(cid:201)ืของรฐั,สาํนักงานสภาเกษตรกรแห่งชาติ,False,แผนงานยุทธศาสตรเ์สรมิสร้างใหค้นมีสขุภาวะท(cid:201)ดีี,201) ี3 :  โครงการบริการโลหติ  ส่วนประกอบโลหติและผลติภณัฑจ์ากพลาสมามีปรมิาณเพียงพอสาํหรบัผูป้่วยทวั(cid:201)ประเทศและมีคุณภาพได้มาตรฐานสากล,,,,,,,,ค่าทด(cid:201)ีนิ /สง(cid:201)ิก่อสร้าง,2022,71407400.0,False
2022.3.17.249,2022.3.17.249,2022.3.17,61,หน่วยงานอน(cid:201)ืของรฐั,สาํนักงานสภาเกษตรกรแห่งชาติ,False,แผนงานยุทธศาสตรเ์สรมิสร้างใหค้นมีสขุภาวะท(cid:201)ดีี,201) ี3 :  โครงการบริการโลหติ  ส่วนประกอบโลหติและผลติภณัฑจ์ากพลาสมามีปรมิาณเพียงพอสาํหรบัผูป้่วยทวั(cid:201)ประเทศและมีคุณภาพได้มาตรฐานสากล,,,,,,,,ก่อสร้างภาคบริการโลหติแหง่ชาตเิฉลมิพระเกียรติสมเดจ็พระกนษิฐาธิราชเจ้าฯจงัหวดัเชียงใหม่ตาํบลศรภีมู  ิอาํเภอเมอืงเชียงใหม่จงัหวดัเชียงใหม่ 1 งาน,2022,18004400.0,False
2022.3.17.250,2022.3.17.250,2022.3.17,61,หน่วยงานอน(cid:201)ืของรฐั,สาํนักงานสภาเกษตรกรแห่งชาติ,False,แผนงานยุทธศาสตรเ์สรมิสร้างใหค้นมีสขุภาวะท(cid:201)ดีี,201) ี3 :  โครงการบริการโลหติ  ส่วนประกอบโลหติและผลติภณัฑจ์ากพลาสมามีปรมิาณเพียงพอสาํหรบัผูป้่วยทวั(cid:201)ประเทศและมีคุณภาพได้มาตรฐานสากล,,,,,,,,ปี 2565 ตงั(cid:202)งบประมาณ,2022,18004400.0,True
2022.3.17.251,2022.3.17.251,2022.3.17,61,หน่วยงานอน(cid:201)ืของรฐั,สาํนักงานสภาเกษตรกรแห่งชาติ,False,แผนงานยุทธศาสตรเ์สรมิสร้างใหค้นมีสขุภาวะท(cid:201)ดีี,201) ี3 :  โครงการบริการโลหติ  ส่วนประกอบโลหติและผลติภณัฑจ์ากพลาสมามีปรมิาณเพียงพอสาํหรบัผูป้่วยทวั(cid:201)ประเทศและมีคุณภาพได้มาตรฐานสากล,,,,,,,,ปี 2566 ผูกพันงบประมาณ,2023,72017600.0,True
2022.3.17.252,2022.3.17.252,2022.3.17,62,หน่วยงานอน(cid:201)ืของรฐั,สาํนักงานสภาเกษตรกรแห่งชาติ,False,แผนงานยุทธศาสตรเ์สรมิสร้างใหค้นมีสขุภาวะท(cid:201)ดีี,201) ี3 :  โครงการบริการโลหติ  ส่วนประกอบโลหติและผลติภณัฑจ์ากพลาสมามีปรมิาณเพียงพอสาํหรบัผูป้่วยทวั(cid:201)ประเทศและมีคุณภาพได้มาตรฐานสากล,,,,,,,,ก่อสร้างภาคบริการโลหติแหง่ชาตเิฉลมิพระเกียรติสมเดจ็พระกนษิฐาธิราชเจ้าฯจงัหวดันครศรธีรรมราชตาํบลปากแพรกอาํเภอทงุ่สงจงัหวดันครศรธีรรมราช 1 งาน,2022,15602600.0,False
2022.3.17.253,2022.3.17.253,2022.3.17,62,หน่วยงานอน(cid:201)ืของรฐั,สาํนักงานสภาเกษตรกรแห่งชาติ,False,แผนงานยุทธศาสตรเ์สรมิสร้างใหค้นมีสขุภาวะท(cid:201)ดีี,201) ี3 :  โครงการบริการโลหติ  ส่วนประกอบโลหติและผลติภณัฑจ์ากพลาสมามีปรมิาณเพียงพอสาํหรบัผูป้่วยทวั(cid:201)ประเทศและมีคุณภาพได้มาตรฐานสากล,,,,,,,,ปี 2565 ตงั(cid:202)งบประมาณ,2022,15602600.0,True
2022.3.17.254,2022.3.17.254,2022.3.17,62,หน่วยงานอน(cid:201)ืของรฐั,สาํนักงานสภาเกษตรกรแห่งชาติ,False,แผนงานยุทธศาสตรเ์สรมิสร้างใหค้นมีสขุภาวะท(cid:201)ดีี,201) ี3 :  โครงการบริการโลหติ  ส่วนประกอบโลหติและผลติภณัฑจ์ากพลาสมามีปรมิาณเพียงพอสาํหรบัผูป้่วยทวั(cid:201)ประเทศและมีคุณภาพได้มาตรฐานสากล,,,,,,,,ปี 2566 ผูกพันงบประมาณ,2023,62410000.0,True
2022.3.17.255,2022.3.17.255,2022.3.17,62,หน่วยงานอน(cid:201)ืของรฐั,สาํนักงานสภาเกษตรกรแห่งชาติ,False,แผนงานยุทธศาสตรเ์สรมิสร้างใหค้นมีสขุภาวะท(cid:201)ดีี,201) ี3 :  โครงการบริการโลหติ  ส่วนประกอบโลหติและผลติภณัฑจ์ากพลาสมามีปรมิาณเพียงพอสาํหรบัผูป้่วยทวั(cid:201)ประเทศและมีคุณภาพได้มาตรฐานสากล,,ค่าควบคมุงานทม(cid:201)ีรีาคาต่อหน่วยตาํ(cid:201)กว่า  10 ล้านบาทรวม 2 รายการ (รวม 2 หน่วย),,,,,,ค่าควบคมุงานก่อสร้างภาคบริการโลหติแหง่ชาตเิฉลมิพระเกียรติสมเดจ็พระกนษิฐาธิราชเจ้าฯจงัหวดัเชียงใหม่ตาํบลศรภีมู  ิอาํเภอเมอืงเชียงใหม่จงัหวดัเชียงใหม่ 1 งาน,2022,1170300.0,False
2022.3.17.256,2022.3.17.256,2022.3.17,62,หน่วยงานอน(cid:201)ืของรฐั,สาํนักงานสภาเกษตรกรแห่งชาติ,False,แผนงานยุทธศาสตรเ์สรมิสร้างใหค้นมีสขุภาวะท(cid:201)ดีี,201) ี3 :  โครงการบริการโลหติ  ส่วนประกอบโลหติและผลติภณัฑจ์ากพลาสมามีปรมิาณเพียงพอสาํหรบัผูป้่วยทวั(cid:201)ประเทศและมีคุณภาพได้มาตรฐานสากล,,ค่าควบคมุงานทม(cid:201)ีรีาคาต่อหน่วยตาํ(cid:201)กว่า  10 ล้านบาทรวม 2 รายการ (รวม 2 หน่วย),,,,,,ปี 2565 ตงั(cid:202)งบประมาณ,2022,1170300.0,True
2022.3.17.257,2022.3.17.257,2022.3.17,62,หน่วยงานอน(cid:201)ืของรฐั,สาํนักงานสภาเกษตรกรแห่งชาติ,False,แผนงานยุทธศาสตรเ์สรมิสร้างใหค้นมีสขุภาวะท(cid:201)ดีี,201) ี3 :  โครงการบริการโลหติ  ส่วนประกอบโลหติและผลติภณัฑจ์ากพลาสมามีปรมิาณเพียงพอสาํหรบัผูป้่วยทวั(cid:201)ประเทศและมีคุณภาพได้มาตรฐานสากล,,ค่าควบคมุงานทม(cid:201)ีรีาคาต่อหน่วยตาํ(cid:201)กว่า  10 ล้านบาทรวม 2 รายการ (รวม 2 หน่วย),,,,,,ปี 2566 ผูกพันงบประมาณ,2023,4681200.0,True
2022.3.17.258,2022.3.17.258,2022.3.17,62,หน่วยงานอน(cid:201)ืของรฐั,สาํนักงานสภาเกษตรกรแห่งชาติ,False,แผนงานยุทธศาสตรเ์สรมิสร้างใหค้นมีสขุภาวะท(cid:201)ดีี,201) ี3 :  โครงการบริการโลหติ  ส่วนประกอบโลหติและผลติภณัฑจ์ากพลาสมามีปรมิาณเพียงพอสาํหรบัผูป้่วยทวั(cid:201)ประเทศและมีคุณภาพได้มาตรฐานสากล,,ค่าควบคมุงานทม(cid:201)ีรีาคาต่อหน่วยตาํ(cid:201)กว่า  10 ล้านบาทรวม 2 รายการ (รวม 2 หน่วย),,,,,,ค่าควบคมุงานก่อสร้างภาคบริการโลหติแหง่ชาตเิฉลมิพระเกียรติสมเดจ็พระกนษิฐาธิราชเจ้าฯจงัหวดันครศรธีรรมราชตาํบลปากแพรกอาํเภอทงุ่สงจงัหวดันครศรธีรรมราช 1 งาน,2022,1014100.0,False
2022.3.17.259,2022.3.17.259,2022.3.17,62,หน่วยงานอน(cid:201)ืของรฐั,สาํนักงานสภาเกษตรกรแห่งชาติ,False,แผนงานยุทธศาสตรเ์สรมิสร้างใหค้นมีสขุภาวะท(cid:201)ดีี,201) ี3 :  โครงการบริการโลหติ  ส่วนประกอบโลหติและผลติภณัฑจ์ากพลาสมามีปรมิาณเพียงพอสาํหรบัผูป้่วยทวั(cid:201)ประเทศและมีคุณภาพได้มาตรฐานสากล,,ค่าควบคมุงานทม(cid:201)ีรีาคาต่อหน่วยตาํ(cid:201)กว่า  10 ล้านบาทรวม 2 รายการ (รวม 2 หน่วย),,,,,,ปี 2565 ตงั(cid:202)งบประมาณ,2022,1014100.0,True
2022.3.17.260,2022.3.17.260,2022.3.17,62,หน่วยงานอน(cid:201)ืของรฐั,สาํนักงานสภาเกษตรกรแห่งชาติ,False,แผนงานยุทธศาสตรเ์สรมิสร้างใหค้นมีสขุภาวะท(cid:201)ดีี,201) ี3 :  โครงการบริการโลหติ  ส่วนประกอบโลหติและผลติภณัฑจ์ากพลาสมามีปรมิาณเพียงพอสาํหรบัผูป้่วยทวั(cid:201)ประเทศและมีคุณภาพได้มาตรฐานสากล,,ค่าควบคมุงานทม(cid:201)ีรีาคาต่อหน่วยตาํ(cid:201)กว่า  10 ล้านบาทรวม 2 รายการ (รวม 2 หน่วย),,,,,,ปี 2566 ผูกพันงบประมาณ,2023,4056400.0,True
2022.3.17.261,2022.3.17.261,2022.3.17,62,หน่วยงานอน(cid:201)ืของรฐั,สาํนักงานสภาเกษตรกรแห่งชาติ,False,แผนงานยุทธศาสตรเ์สรมิสร้างใหค้นมีสขุภาวะท(cid:201)ดีี,201) ี3 :  โครงการบริการโลหติ  ส่วนประกอบโลหติและผลติภณัฑจ์ากพลาสมามีปรมิาณเพียงพอสาํหรบัผูป้่วยทวั(cid:201)ประเทศและมีคุณภาพได้มาตรฐานสากล,,,,,,,,ค่าควบคมุงานก่อสร้างศูนยห์อ้งปฏบิตักิารอ้างองิและธนาคารเซลล์ตน้กาํเนดิเมด็โลหติ  แขวงปทมุวนั  เขตปทมุวนั  กรุงเทพมหานคร 1 งาน,2022,2016000.0,False
2022.3.17.262,2022.3.17.262,2022.3.17,62,หน่วยงานอน(cid:201)ืของรฐั,สาํนักงานสภาเกษตรกรแห่งชาติ,False,แผนงานยุทธศาสตรเ์สรมิสร้างใหค้นมีสขุภาวะท(cid:201)ดีี,201) ี3 :  โครงการบริการโลหติ  ส่วนประกอบโลหติและผลติภณัฑจ์ากพลาสมามีปรมิาณเพียงพอสาํหรบัผูป้่วยทวั(cid:201)ประเทศและมีคุณภาพได้มาตรฐานสากล,,,,,,,,ปี 2565 ตงั(cid:202)งบประมาณ,2022,2016000.0,True
2022.3.17.263,2022.3.17.263,2022.3.17,62,หน่วยงานอน(cid:201)ืของรฐั,สาํนักงานสภาเกษตรกรแห่งชาติ,False,แผนงานยุทธศาสตรเ์สรมิสร้างใหค้นมีสขุภาวะท(cid:201)ดีี,201) ี3 :  โครงการบริการโลหติ  ส่วนประกอบโลหติและผลติภณัฑจ์ากพลาสมามีปรมิาณเพียงพอสาํหรบัผูป้่วยทวั(cid:201)ประเทศและมีคุณภาพได้มาตรฐานสากล,,,,,,,,ปี 2566 ผูกพันงบประมาณ,2023,4032000.0,True
2022.3.17.264,2022.3.17.264,2022.3.17,62,หน่วยงานอน(cid:201)ืของรฐั,สาํนักงานสภาเกษตรกรแห่งชาติ,False,แผนงานยุทธศาสตรเ์สรมิสร้างใหค้นมีสขุภาวะท(cid:201)ดีี,201) ี3 :  โครงการบริการโลหติ  ส่วนประกอบโลหติและผลติภณัฑจ์ากพลาสมามีปรมิาณเพียงพอสาํหรบัผูป้่วยทวั(cid:201)ประเทศและมีคุณภาพได้มาตรฐานสากล,,,,,,,,ปี 2567 ผูกพันงบประมาณ,2024,4032000.0,True
2022.3.17.265,2022.3.17.265,2022.3.17,63,หน่วยงานอน(cid:201)ืของรฐั,สาํนักงานสภาเกษตรกรแห่งชาติ,False,แผนงานยุทธศาสตรเ์สรมิสร้างใหค้นมีสขุภาวะท(cid:201)ดีี,201) ี3 :  โครงการบริการโลหติ  ส่วนประกอบโลหติและผลติภณัฑจ์ากพลาสมามีปรมิาณเพียงพอสาํหรบัผูป้่วยทวั(cid:201)ประเทศและมีคุณภาพได้มาตรฐานสากล,,,,,,,,ก่อสร้างศูนยห์อ้งปฏบิตักิารอ้างองิและธนาคารเซลลต์น้กาํเนดิเมด็โลหติ  แขวงปทมุวนั  เขตปทมุวนั  กรุงเทพมหานคร 1 หลงั,2022,33600000.0,False
2022.3.17.266,2022.3.17.266,2022.3.17,63,หน่วยงานอน(cid:201)ืของรฐั,สาํนักงานสภาเกษตรกรแห่งชาติ,False,แผนงานยุทธศาสตรเ์สรมิสร้างใหค้นมีสขุภาวะท(cid:201)ดีี,201) ี3 :  โครงการบริการโลหติ  ส่วนประกอบโลหติและผลติภณัฑจ์ากพลาสมามีปรมิาณเพียงพอสาํหรบัผูป้่วยทวั(cid:201)ประเทศและมีคุณภาพได้มาตรฐานสากล,,,,,,,,ปี 2565 ตงั(cid:202)งบประมาณ,2022,33600000.0,True
2022.3.17.267,2022.3.17.267,2022.3.17,63,หน่วยงานอน(cid:201)ืของรฐั,สาํนักงานสภาเกษตรกรแห่งชาติ,False,แผนงานยุทธศาสตรเ์สรมิสร้างใหค้นมีสขุภาวะท(cid:201)ดีี,201) ี3 :  โครงการบริการโลหติ  ส่วนประกอบโลหติและผลติภณัฑจ์ากพลาสมามีปรมิาณเพียงพอสาํหรบัผูป้่วยทวั(cid:201)ประเทศและมีคุณภาพได้มาตรฐานสากล,,,,,,,,ปี 2566 ผูกพันงบประมาณ,2023,67200000.0,True
2022.3.17.268,2022.3.17.268,2022.3.17,63,หน่วยงานอน(cid:201)ืของรฐั,สาํนักงานสภาเกษตรกรแห่งชาติ,False,แผนงานยุทธศาสตรเ์สรมิสร้างใหค้นมีสขุภาวะท(cid:201)ดีี,201) ี3 :  โครงการบริการโลหติ  ส่วนประกอบโลหติและผลติภณัฑจ์ากพลาสมามีปรมิาณเพียงพอสาํหรบัผูป้่วยทวั(cid:201)ประเทศและมีคุณภาพได้มาตรฐานสากล,,,,,,,,ปี 2567 ผูกพันงบประมาณ,2024,67200000.0,True
2022.3.17.269,2022.3.17.269,2022.3.17,63,หน่วยงานอน(cid:201)ืของรฐั,สาํนักงานสภาเกษตรกรแห่งชาติ,False,แผนงานยุทธศาสตรเ์สรมิสร้างใหค้นมีสขุภาวะท(cid:201)ดีี,201) ี3 :  โครงการบริการโลหติ  ส่วนประกอบโลหติและผลติภณัฑจ์ากพลาสมามีปรมิาณเพียงพอสาํหรบัผูป้่วยทวั(cid:201)ประเทศและมีคุณภาพได้มาตรฐานสากล,,,,,,,,โครงการธนาคารเซลลต์น้กาํเนดิเมด็โลหติแหง่ชาติ,2022,64800000.0,False
2022.3.17.270,2022.3.17.270,2022.3.17,63,หน่วยงานอน(cid:201)ืของรฐั,สาํนักงานสภาเกษตรกรแห่งชาติ,False,แผนงานยุทธศาสตรเ์สรมิสร้างใหค้นมีสขุภาวะท(cid:201)ดีี,201) ี3 :  โครงการบริการโลหติ  ส่วนประกอบโลหติและผลติภณัฑจ์ากพลาสมามีปรมิาณเพียงพอสาํหรบัผูป้่วยทวั(cid:201)ประเทศและมีคุณภาพได้มาตรฐานสากล,,,,,,,,โครงการควบคมุคณุภาพการปนเป(cid:202)ือนเช(cid:202)ือแบคทเีรยีในโลหติทร(cid:201)ีบับรจิาค,2022,15000000.0,False
2022.3.17.271,2022.3.17.271,2022.3.17,63,หน่วยงานอน(cid:201)ืของรฐั,สาํนักงานสภาเกษตรกรแห่งชาติ,False,แผนงานยุทธศาสตรเ์สรมิสร้างใหค้นมีสขุภาวะท(cid:201)ดีี,201) ี3 :  โครงการบริการโลหติ  ส่วนประกอบโลหติและผลติภณัฑจ์ากพลาสมามีปรมิาณเพียงพอสาํหรบัผูป้่วยทวั(cid:201)ประเทศและมีคุณภาพได้มาตรฐานสากล,,,,,,,,โครงการเพม(cid:201)ิศกัยภาพการจดัหาโลหติ,2022,48600000.0,False
2022.3.17.272,2022.3.17.272,2022.3.17,65,หน่วยงานอน(cid:201)ืของรฐั,สาํนักงานสภาเกษตรกรแห่งชาติ,False,แผนงานยุทธศาสตรเ์สรมิสร้างใหค้นมีสขุภาวะท(cid:201)ดีี,201) ี4 :  โครงการคุณภาพชีวิตท(cid:201)ดีีข(cid:202)นึของผูสู้งอายุเด็กและเยาวชนท(cid:201)ดีอ้ยโอกาสตามตน้แบบของสภากาชาดไทย,,งบเงินอุดหนุน,เงินอุดหนุนทวั(cid:201)ไป,,,,,ค่าใช้จ่ายดาํเนนิงาน,2022,9149000.0,False
2022.3.17.273,2022.3.17.273,2022.3.17,65,หน่วยงานอน(cid:201)ืของรฐั,สาํนักงานสภาเกษตรกรแห่งชาติ,False,แผนงานยุทธศาสตรเ์สรมิสร้างใหค้นมีสขุภาวะท(cid:201)ดีี,201) ี4 :  โครงการคุณภาพชีวิตท(cid:201)ดีีข(cid:202)นึของผูสู้งอายุเด็กและเยาวชนท(cid:201)ดีอ้ยโอกาสตามตน้แบบของสภากาชาดไทย,,งบเงินอุดหนุน,เงินอุดหนุนทวั(cid:201)ไป,,,,,ค่าครุภณัฑ์,2022,3350400.0,False
2022.3.17.274,2022.3.17.274,2022.3.17,65,หน่วยงานอน(cid:201)ืของรฐั,สาํนักงานสภาเกษตรกรแห่งชาติ,False,แผนงานยุทธศาสตรเ์สรมิสร้างใหค้นมีสขุภาวะท(cid:201)ดีี,201) ี4 :  โครงการคุณภาพชีวิตท(cid:201)ดีีข(cid:202)นึของผูสู้งอายุเด็กและเยาวชนท(cid:201)ดีอ้ยโอกาสตามตน้แบบของสภากาชาดไทย,,,,,,,,ครุภณัฑก์ารแพทยท์ม(cid:201)ีรีาคาต่อหน่วยตาํ(cid:201)กว่า  1 ล้านบาทรวม 3 รายการ (รวม 35 หน่วย),2022,3350400.0,False
